pre_int,pre_uv,pre_percomp,time_spent,course_ID,final_grade,subject,enrollment_reason,semester,enrollment_status,cogproc,social,posemo,negemo,n
5,5,4,2167.9669,AnPhA-S116-01,93.7536,AnPhA,Learning Preference of the Student,S116,Approved/Enrolled,10.1275,7.550434782608695,3.9058823529411764,1.57,25
4.2,5,4.5,1550.4668,FrScA-S116-01,95.89041096,FrScA,Course Unavailable at Local School,S116,Approved/Enrolled,14.702162162162162,5.9035714285714285,3.2783783783783784,0.80975,40
4.6,4.333333333333333,4.5,850.7329,FrScA-S216-01,88.35616438,FrScA,Course Unavailable at Local School,S216,Approved/Enrolled,15.465128205128206,5.7292499999999995,3.5442424242424244,1.0472972972972974,42
5,4.333333333333333,4,3067.4676,AnPhA-S216-01,91.3376,AnPhA,Course Unavailable at Local School,S216,Approved/Enrolled,11.697391304347827,6.001304347826087,1.15,0.7665714285714286,26
4,3.6666666666666665,3.5,1800.2174,OcnA-S116-01,88.72026801,OcnA,Course Unavailable at Local School,S116,Approved/Enrolled,13.9536,7.981111111111111,5.439642857142857,0.6009523809523809,14
4,4,4,181.5999,BioA-S116-01,6.747311828,BioA,Other,S116,Approved/Enrolled,19.455,10.825000000000001,7.3132,1.2805555555555554,6
2.4,3.6666666666666665,NA,264.2002,OcnA-S216-01,64.98858447,OcnA,Course Unavailable at Local School,S216,Approved/Enrolled,14.856363636363637,6.596,5.409473684210527,0.225,19
4.2,3.6666666666666665,2.5,821.9161,FrScA-S216-01,89.86111111,FrScA,Other,S216,Approved/Enrolled,15.165853658536586,5.9991176470588234,3.54375,0.80975,39
4,4.333333333333333,4.5,2363.2667,AnPhA-S216-01,91.4109589,AnPhA,Course Unavailable at Local School,S216,Approved/Enrolled,8.822916666666666,7.792631578947368,4.418333333333333,1.01,21
4.2,2,3,1479.4166,AnPhA-S116-02,73.48743719,AnPhA,Other,S116,Approved/Enrolled,10.70625,6.871428571428571,5.281666666666666,1.0804761904761904,15
4.6,4.333333333333333,3.5,1101.2833,FrScA-S216-01,93.67945824,FrScA,Course Unavailable at Local School,S216,Approved/Enrolled,11.759444444444444,2.353333333333333,3.976,0.8993939393939394,30
5,3.6666666666666665,4,1283.4669,FrScA-S116-03,65.56392694,FrScA,Course Unavailable at Local School,S116,Approved/Enrolled,16.6532,7.2908333333333335,5.401052631578947,1.4846153846153847,46
5,4.333333333333333,4.5,4046.6159,OcnA-S216-01,66.7525328,OcnA,Course Unavailable at Local School,S216,Approved/Enrolled,11.845454545454546,6.97,5.342380952380952,0.45,17
4.8,4.666666666666667,3.5,1304.1168,PhysA-S116-01,42.0993228,PhysA,Learning Preference of the Student,S116,Approved/Enrolled,16.773846153846154,7.2908333333333335,5.70875,0.2866666666666667,9
5,4.333333333333333,4.5,3095.2494,AnPhA-S116-01,82.552,AnPhA,Other,S116,Approved/Enrolled,9.356923076923076,7.550434782608695,7.026,0.884375,18
3.6,4,3,1722.1833,FrScA-S116-03,87.52968037,FrScA,Scheduling Conflict,S116,Approved/Enrolled,15.04027027027027,4.189375,5.32,0.7183636363636363,36
4.2,4.333333333333333,3.5,1101.2833,AnPhA-S116-01,35.832,AnPhA,Scheduling Conflict,S116,Approved/Enrolled,9.61,11.476666666666667,8.215,0.8661538461538462,10
3.2,2.3333333333333335,3,6664.4499,OcnA-S216-01,90.94639866,OcnA,Course Unavailable at Local School,S216,Approved/Enrolled,14.111666666666666,7.192352941176471,4.30375,1.067222222222222,19
5,3.3333333333333335,4.5,1670.95,FrScA-S216-04,91.312,FrScA,Learning Preference of the Student,S216,Approved/Enrolled,11.142916666666666,2.3227777777777776,1.94125,1.5656521739130436,40
4.6,3.6666666666666665,4.5,1863.5169,FrScA-S216-01,92.55079007,FrScA,Course Unavailable at Local School,S216,Approved/Enrolled,15.51969696969697,5.89025641025641,5.026666666666666,1.2354545454545454,41
3.8,3.6666666666666665,4,68.6333,OcnA-S216-01,3.433835846,OcnA,Course Unavailable at Local School,S216,Approved/Enrolled,10.71,6.895,3.3375,0.728,6
1.8,2,2.5,264.2002,PhysA-S216-01,93.95833333,PhysA,Learning Preference of the Student,S216,Approved/Enrolled,23.683888888888887,4.961666666666666,5.32,0,16
4.8,4.333333333333333,4.5,NA,FrScA-S116-02,NA,FrScA,Course Unavailable at Local School,S116,Dropped,20.325,6.66,7.4575,0.92,7
4.6,2.6666666666666665,4,2062.95,OcnA-S216-01,69.8040201,OcnA,Course Unavailable at Local School,S216,Approved/Enrolled,15.554782608695652,6.08,4.380833333333333,1.279,11
NA,3.3333333333333335,3,470.8,OcnA-T116-01,91.19638826,OcnA,Other,T116,Approved/Enrolled,NA,NA,NA,NA,NA
4.8,4.333333333333333,4.5,1510.7002,AnPhA-S116-01,64.78224456,AnPhA,Learning Preference of the Student,S116,Approved/Enrolled,11.284375,5.9125000000000005,2.3841666666666668,1.008888888888889,20
4.8,3.6666666666666665,4,1918.6166,FrScA-S216-01,96.38826185,FrScA,Course Unavailable at Local School,S216,Approved/Enrolled,15.51969696969697,6.059523809523809,3.5555263157894736,1.2902631578947368,37
4.6,4.333333333333333,3.5,1476.0832,FrScA-S216-01,90.85778781,FrScA,Other,S216,Approved/Enrolled,13.9034,4.922121212121212,6.437948717948718,1.0684848484848484,37
5,4.666666666666667,5,2006.4003,FrScA-S116-02,64.8128,FrScA,Other,S116,Approved/Enrolled,11.030666666666667,4.0938888888888885,1.94125,1.6588235294117646,24
4,4,3.5,1297.9167,FrScA-S116-01,96.80555556,FrScA,Course Unavailable at Local School,S116,Approved/Enrolled,17.56783783783784,6.614324324324325,6.4748,0.4971052631578947,37
4.6,2.6666666666666665,4,583.2498,FrScA-S116-03,80.3652968,FrScA,Course Unavailable at Local School,S116,Approved/Enrolled,13.0355,3.408,4.766666666666667,1.5529411764705883,33
4.2,3.3333333333333335,4,3134.9666,FrScA-S116-01,95.89041096,FrScA,Course Unavailable at Local School,S116,Approved/Enrolled,14.076923076923077,5.6565,6.2680487804878044,1.1087096774193548,40
5,4,5,2497.1666,FrScA-S116-02,85.3408,FrScA,Course Unavailable at Local School,S116,Approved/Enrolled,18.881666666666668,5.285714285714286,3.6056521739130436,0.4791666666666667,40
4,3.3333333333333335,2.5,237.3,BioA-S116-01,54.15828877,BioA,Other,S116,Approved/Enrolled,0,NA,NA,NA,NA
4.8,4.333333333333333,4,4013.3999,OcnA-S116-01,92.68174204,OcnA,Course Unavailable at Local School,S116,Approved/Enrolled,11.822105263157894,5.6431818181818185,6.456842105263158,0.851025641025641,21
4.8,4.666666666666667,4,768.6994,FrScA-S116-01,68.62302483,FrScA,Course Unavailable at Local School,S116,Approved/Enrolled,16.136842105263156,4.39875,9.0121875,0.4175675675675676,23
4.4,2.6666666666666665,3,1374.95,FrScA-S116-01,51.0921273,FrScA,Other,S116,Approved/Enrolled,11.207777777777778,4.675333333333334,9.0121875,0.2488235294117647,18
5,4.333333333333333,4,1095.6001,FrScA-S116-01,90.29345372,FrScA,Other,S116,Approved/Enrolled,13.2645,6.599268292682927,7.560975609756097,0.5715384615384616,37
3.2,3.3333333333333335,2,24.65,AnPhA-S216-02,NA,AnPhA,Learning Preference of the Student,S216,Withdrawn,3.66,2.38,7.715,0.25333333333333335,1
4.2,4,3,1182.9332,PhysA-S116-01,97.63888889,PhysA,Learning Preference of the Student,S116,Approved/Enrolled,14.477777777777778,5.045483870967741,3.6366666666666667,0.986875,14
5,4.333333333333333,5,2563.3833,AnPhA-S216-01,88.30318258,AnPhA,Course Unavailable at Local School,S216,Approved/Enrolled,9.474117647058824,5.7025,4.995416666666666,1.222,21
3.6,3.6666666666666665,3.5,1481.8,PhysA-S116-01,98.19444444,PhysA,Other,S116,Approved/Enrolled,16.717222222222222,7.183684210526316,3.794,0.1411111111111111,12
4.6,4,4.5,1540.1833,OcnA-S216-01,63.14572864,OcnA,Scheduling Conflict,S216,Approved/Enrolled,15.184583333333332,9.116,5.211351351351351,1.1,7
5,4.333333333333333,3,328.5168,AnPhA-S216-01,14.4469526,AnPhA,Course Unavailable at Local School,S216,Approved/Enrolled,4.76,2.38,4.17,1.4366666666666668,1
5,4.666666666666667,4.5,870.3836,PhysA-S116-01,81.73515982,PhysA,Learning Preference of the Student,S116,Approved/Enrolled,18.38590909090909,8.218823529411765,5.211351351351351,0.6708333333333333,16
3.6,4,2.5,3214.3998,AnPhA-S116-02,80.7344,AnPhA,Scheduling Conflict,S116,Approved/Enrolled,10.70625,8.034285714285714,5.419130434782608,0.68,16
4.8,3.3333333333333335,3.5,1564.633,FrScA-S116-01,83.33333333,FrScA,Learning Preference of the Student,S116,Approved/Enrolled,15.070357142857143,5.360357142857143,6.519285714285714,0.9817948717948718,41
4,3.3333333333333335,2.5,1448.9339,FrScA-S216-01,68.25795645,FrScA,Learning Preference of the Student,S216,Approved/Enrolled,14.53375,4,2.76625,1.792142857142857,26
4.6,4.333333333333333,4,1637.9504,OcnA-S216-01,86.534932800000007,OcnA,Learning Preference of the Student,S216,Approved/Enrolled,15.581666666666667,7.169230769230769,5.106,1.067222222222222,12
5,5,4.5,1517.5835,AnPhA-S216-01,56.99497487,AnPhA,Course Unavailable at Local School,S216,Approved/Enrolled,4.76,6.17,2.8985714285714286,1.4413636363636364,8
5,3.6666666666666665,4,3.9167,FrScA-S216-01,NA,FrScA,Other,S216,Dropped,0,NA,NA,NA,NA
5,4.333333333333333,4,2634.6832,OcnA-S216-01,92.28978224,OcnA,Course Unavailable at Local School,S216,Approved/Enrolled,15.831428571428571,7.320909090909091,8.194761904761904,0.6236842105263158,20
4,2.3333333333333335,4.5,956.1665,FrScA-S216-01,92.0993228,FrScA,Course Unavailable at Local School,S216,Approved/Enrolled,14.699772727272727,5.107567567567568,5.180555555555555,0.5207692307692308,33
4.6,4,4,960.2998,OcnA-S216-02,47.0544,OcnA,Course Unavailable at Local School,S216,Approved/Enrolled,16.728571428571428,7.616363636363636,3.02,0.5723809523809524,12
4,4,3.5,1856.6669,FrScA-S116-03,96.60502283,FrScA,Scheduling Conflict,S116,Approved/Enrolled,15.96625,7.852222222222222,5.081363636363636,0.8805,37
3.6,2.3333333333333335,3.5,317.2168,AnPhA-S116-01,7.580645161,AnPhA,Learning Preference of the Student,S116,Approved/Enrolled,3.66,6.17,2.903,0.25333333333333335,3
5,5,5,658.4165,BioA-S116-01,78.54946237,BioA,Scheduling Conflict,S116,Approved/Enrolled,18.38590909090909,9.630689655172414,4.662,1.535,22
5,5,4.5,3030.1667,AnPhA-S216-02,65.17808219,AnPhA,Course Unavailable at Local School,S216,Approved/Enrolled,10.5,7.430400000000001,5.381333333333333,1.6588235294117646,3
4.2,3.6666666666666665,3,1395.8998,AnPhA-S116-02,35.74539363,AnPhA,Course Unavailable at Local School,S116,Approved/Enrolled,4.44,2.38,3.3866666666666667,0.5933333333333334,18
3.2,2.6666666666666665,2,1451.8836,OcnA-S216-01,11.15296804,OcnA,Course Unavailable at Local School,S216,Approved/Enrolled,10.286,3.28,2.5116,0,1
4.4,3.3333333333333335,4,1077.3504,FrScA-S216-01,95.00837521,FrScA,Course Unavailable at Local School,S216,Approved/Enrolled,14.699772727272727,6.2075609756097565,6.615641025641025,0.3771794871794872,37
4.8,4.333333333333333,4.5,4438.8165,AnPhA-S116-02,87.24408602,AnPhA,Other,S116,Approved/Enrolled,10.533333333333333,4.31,8.03875,1.0004166666666667,24
4,4,4.5,1272.2331,FrScA-S116-01,92.92237443,FrScA,Course Unavailable at Local School,S116,Approved/Enrolled,12.76421052631579,4.5645454545454545,9.0121875,0.6166666666666667,39
3.8,4,4,68.6333,PhysA-S116-01,36.34408602,PhysA,Other,S116,Approved/Enrolled,16.773846153846154,7.766666666666667,6.12,1.22,6
4,2,3.5,1978.0169,OcnA-S216-02,32.7001675,OcnA,Course Unavailable at Local School,S216,Approved/Enrolled,17.31075,6.1075,3.9978571428571428,0.25333333333333335,18
4.4,3,3,1233.3832,FrScA-S116-01,97.63888889,FrScA,Other,S116,Approved/Enrolled,NA,5.512352941176471,NA,NA,40
4.2,3.6666666666666665,3.5,1697.5829,OcnA-S116-01,89.12897822,OcnA,Course Unavailable at Local School,S116,Approved/Enrolled,11.822105263157894,6.97,6.434166666666667,0.6009523809523809,24
4.2,3.6666666666666665,3,3890,AnPhA-S116-01,95.0208,AnPhA,Scheduling Conflict,S116,Approved/Enrolled,10.174285714285714,7.0808,3.9058823529411764,1.6615625,26
5,5,4,2368.4997,AnPhA-S216-02,70.62100457,AnPhA,Course Unavailable at Local School,S216,Approved/Enrolled,10.168695652173913,7.395384615384615,10.78111111111111,0.209,23
4,4,3,4614.4,OcnA-S216-01,85.4714656,OcnA,Course Unavailable at Local School,S216,Approved/Enrolled,17.008333333333333,6.6431818181818185,5.5649999999999995,1.0105882352941176,25
4.2,4,3,5298.8507,AnPhA-T116-01,87.4408,AnPhA,Course Unavailable at Local School,T116,Approved/Enrolled,12.331428571428571,5.459130434782609,3.048,1.5204166666666667,24
4,4,3.5,1638.45,AnPhA-S116-01,92.60722348,AnPhA,Course Unavailable at Local School,S116,Approved/Enrolled,11.60952380952381,7.406666666666666,5.190344827586207,1.3013333333333332,37
4.8,3,3.5,3122.9167,OcnA-S116-02,95.3392,OcnA,Course Unavailable at Local School,S116,Approved/Enrolled,15.280416666666667,3.578125,3.6109999999999998,0.6527272727272727,10
3.4,2.6666666666666665,3,2448.4838,FrScA-S116-03,84.4474672,FrScA,Course Unavailable at Local School,S116,Approved/Enrolled,16.35809523809524,6.734347826086957,5.2578125,0.7254054054054053,39
4.6,3.6666666666666665,4.5,1863.5169,FrScA-S216-02,88.48758465,FrScA,Other,S216,Approved/Enrolled,21.37,7.362307692307692,8.482432432432432,1.1344827586206896,39
3.8,3.6666666666666665,3.5,3.4501,FrScA-S216-02,NA,FrScA,Course Unavailable at Local School,S216,Dropped,11.985,7.604,10.295,0,1
3.2,3,4,2449.6827,AnPhA-S116-01,87.6208,AnPhA,Course Unavailable at Local School,S116,Approved/Enrolled,10.578695652173913,9.111666666666666,5.408333333333333,1.16,25
3.6,3.3333333333333335,3,644.2667,AnPhA-S116-02,70.54176072,AnPhA,Scheduling Conflict,S116,Approved/Enrolled,10.141666666666667,7.219,5.643888888888889,0.6976470588235294,18
4.8,4.333333333333333,3.5,1537.1834,AnPhA-S116-01,75.5392,AnPhA,Course Unavailable at Local School,S116,Approved/Enrolled,7.285882352941177,6.724666666666667,6.43,0.6916666666666667,13
4.2,3.3333333333333335,2.5,1268.1002,PhysA-S116-01,95.43378995,PhysA,Learning Preference of the Student,S116,Approved/Enrolled,16.039375,7.810625,4.66421052631579,0.2866666666666667,16
4.6,4.666666666666667,4,768.6994,FrScA-S116-01,96.34027778,FrScA,Course Unavailable at Local School,S116,Approved/Enrolled,12.225555555555555,4.95390243902439,4.855641025641026,0.823,42
1.8,2.3333333333333335,3,1.2168,FrScA-S216-03,NA,FrScA,Course Unavailable at Local School,S216,Dropped,NA,6.17,NA,NA,NA
4.4,3.6666666666666665,3.5,177.7168,FrScA-S216-01,90.9157328,FrScA,Course Unavailable at Local School,S216,Approved/Enrolled,15.048787878787879,5.7292499999999995,2.90609756097561,0.583,40
4.6,4.333333333333333,3,193.0498,AnPhA-S216-01,62.20833333,AnPhA,Course Unavailable at Local School,S216,Approved/Enrolled,4.94,5.969230769230769,3.1115384615384616,1.2816666666666667,14
4.2,2,3.5,1978.0169,FrScA-S116-01,96.59722222,FrScA,Course Unavailable at Local School,S116,Approved/Enrolled,14.128823529411765,6.7068,4.8954054054054055,1.0645454545454545,41
4,3.6666666666666665,3.5,2626.9001,AnPhA-S216-01,74.1874672,AnPhA,Learning Preference of the Student,S216,Approved/Enrolled,10.174782608695653,6.3625,6.023333333333333,0.6736842105263158,26
4.2,4.333333333333333,3,2201.5503,OcnA-S216-01,94.8261328,OcnA,Other,S216,Approved/Enrolled,14.81,6.842083333333333,4.8081249999999995,0.7573684210526316,24
3.8,4,2.5,615.2168,PhysA-S116-01,94.44444444,PhysA,Other,S116,Approved/Enrolled,17.98611111111111,7.766666666666667,5.276111111111111,0.7415384615384615,19
4.2,4.333333333333333,4.5,1471.8833,FrScA-S216-01,95.03386005,FrScA,Course Unavailable at Local School,S216,Approved/Enrolled,14.359,5.89025641025641,6.044838709677419,1.0338235294117648,34
4.8,4.333333333333333,3.5,946.7998,FrScA-S116-02,70.4149328,FrScA,Course Unavailable at Local School,S116,Approved/Enrolled,11.318461538461538,4.993636363636363,4.1916,0.751,23
4.8,4.333333333333333,4.5,1510.7002,AnPhA-S116-01,77.3104,AnPhA,Scheduling Conflict,S116,Approved/Enrolled,11.601923076923077,8.5208,5.254545454545455,0.9021052631578947,24
4.8,4,4.5,532.7998,FrScA-S216-02,19.84,FrScA,Course Unavailable at Local School,S216,Approved/Enrolled,17.31075,5.7873913043478264,10.229545454545454,0.7491666666666666,3
4,2,3.5,1978.0169,FrScA-S216-01,95.03386005,FrScA,Course Unavailable at Local School,S216,Approved/Enrolled,14.521944444444445,6.194102564102564,6.044838709677419,0.5087179487179487,33
4.2,4,4,1351.9003,AnPhA-S216-01,87.19863014,AnPhA,Course Unavailable at Local School,S216,Approved/Enrolled,11.697391304347827,5.961538461538462,2.8985714285714286,0.509375,26
4.6,4,5,1540.1833,OcnA-S116-02,77.3104,OcnA,Course Unavailable at Local School,S116,Approved/Enrolled,19.79153846153846,3.198,4.286086956521739,0,17
4.2,3.6666666666666665,4.5,1377.5666,OcnA-S216-01,56.99497487,OcnA,Course Unavailable at Local School,S216,Approved/Enrolled,17.31075,7.208823529411765,3.3375,1.1,12
4,3,3,1382.7001,OcnA-S116-02,98.64559819,OcnA,Other,S116,Approved/Enrolled,13.894545454545455,2.4779999999999998,4.286842105263158,0.6527272727272727,18
5,4.666666666666667,5,3475.8,AnPhA-S216-01,69.6682672,AnPhA,Course Unavailable at Local School,S216,Approved/Enrolled,11.579333333333333,8.786521739130436,4.9935,0.5338888888888889,25
3.2,2.3333333333333335,3.5,1389.3161,AnPhA-S116-01,45.76666667,AnPhA,Learning Preference of the Student,S116,Approved/Enrolled,9.17153846153846,6.871428571428571,7.614285714285714,0.6825,13
4.2,3.3333333333333335,3.5,2058.4167,PhysA-S116-01,100,PhysA,Other,S116,Approved/Enrolled,12.78,7.251666666666667,4.015625,0.05526315789473685,21
3.8,2,3.5,317.2168,BioA-S116-01,64.98858447,BioA,Other,S116,Approved/Enrolled,22.983999999999998,0.735,2.86,1.8809090909090909,20
3.8,3,3,1980.6001,BioA-S116-01,75.11182796,BioA,Credit Recovery,S116,Approved/Enrolled,15.829473684210527,8.819583333333334,4.532857142857143,1.2349999999999999,19
3.4,2.6666666666666665,3,1451.8836,AnPhA-S116-01,36.57419355,AnPhA,Course Unavailable at Local School,S116,Approved/Enrolled,7.713333333333334,8.495,3.148888888888889,0.8661538461538462,13
3.8,3,2,816.7002,FrScA-S216-01,75.16930023,FrScA,Other,S216,Approved/Enrolled,14.444102564102565,7.4479999999999995,7.0445,0.65675,39
4.4,3.6666666666666665,3,1020.5828,OcnA-S216-02,70.4149328,OcnA,Course Unavailable at Local School,S216,Approved/Enrolled,17.41090909090909,8.50611111111111,7.25,0.76,10
4,4.333333333333333,3.5,6123.8832,AnPhA-S116-01,83.4938672,AnPhA,Scheduling Conflict,S116,Approved/Enrolled,NA,NA,NA,0.936875,NA
3,3,3,3785.2838,OcnA-S216-01,86.29452055,OcnA,Course Unavailable at Local School,S216,Approved/Enrolled,14.111666666666666,7.320909090909091,4.0156,0.71125,16
5,5,5,2999.9832,OcnA-S216-01,83.624,OcnA,Course Unavailable at Local School,S216,Approved/Enrolled,13.655625,5.6431818181818185,3.048,1.080625,12
5,4.666666666666667,4.5,3429.0336,AnPhA-S116-01,93.9279732,AnPhA,Course Unavailable at Local School,S116,Approved/Enrolled,8.633846153846154,7.406666666666666,4.487826086956522,0.9393333333333334,18
4.2,2.6666666666666665,3.5,1966.0169,OcnA-S216-02,84.79564489,OcnA,Course Unavailable at Local School,S216,Approved/Enrolled,12.524347826086956,8.03,5.190344827586207,0.6964705882352942,16
4.2,3.3333333333333335,3,1330.8502,FrScA-S116-03,86.52054795,FrScA,Course Unavailable at Local School,S116,Approved/Enrolled,14.508000000000001,4.9905405405405405,5.074897959183674,0.7647368421052632,33
5,4.666666666666667,3,546.85,PhysA-S116-01,68.05555556,PhysA,Learning Preference of the Student,S116,Approved/Enrolled,17.09166666666667,5,5.997,0.05583333333333334,11
5,3.3333333333333335,5,1660.9829,FrScA-S216-01,92.55079007,FrScA,Course Unavailable at Local School,S216,Approved/Enrolled,15.837142857142856,7.275384615384615,4.349047619047619,0.9258974358974359,37
5,5,5,658.4165,OcnA-S116-02,84.56944444,OcnA,Other,S116,Approved/Enrolled,16.163,4.638181818181818,5.206666666666667,1.435151515151515,20
5,4,3,2457.1828,PhysA-S116-01,82.0318258,PhysA,Course Unavailable at Local School,S116,Approved/Enrolled,12.78,5.4035,4.241034482758621,0.6736842105263158,14
4.6,4.333333333333333,4.5,1637.9504,AnPhA-S116-02,95.96,AnPhA,Other,S116,Approved/Enrolled,13.728181818181818,7.486666666666666,5.315,0,18
4,2.3333333333333335,4,1665.1169,FrScA-S216-01,85.10158014,FrScA,Other,S216,Approved/Enrolled,13.175161290322581,6.599268292682927,8.617380952380952,0.5720512820512821,31
4.6,3.6666666666666665,4,3058.6498,PhysA-S116-01,81.27853881,PhysA,Course Unavailable at Local School,S116,Approved/Enrolled,17.98,7.154864864864865,5.342380952380952,0.18333333333333332,11
3.8,4,3.5,1998.4998,AnPhA-S116-01,80.0656,AnPhA,Learning Preference of the Student,S116,Approved/Enrolled,11.4532,6.976785714285715,3.9746153846153844,1.8618181818181818,27
4,3,3,1382.7001,FrScA-S116-01,96.80555556,FrScA,Other,S116,Approved/Enrolled,15.48891891891892,5.0529268292682925,6.23258064516129,0.5314285714285715,37
3.8,3,3,1980.6001,FrScA-S216-01,95.03386005,FrScA,Course Unavailable at Local School,S216,Approved/Enrolled,16.00702702702703,6.985,4.628837209302326,0.974390243902439,40
5,4.333333333333333,4.5,3095.2494,FrScA-S216-02,96.1803653,FrScA,Course Unavailable at Local School,S216,Approved/Enrolled,13.655625,6.696486486486487,3.804,0.7679166666666666,39
4.6,3.6666666666666665,3.5,1711.0164,FrScA-S216-02,81.03837472,FrScA,Learning Preference of the Student,S216,Approved/Enrolled,14.563636363636364,6.90974358974359,7.003783783783784,0.7679166666666666,39
5,5,4.5,1182.9667,FrScA-S216-02,82.6117328,FrScA,Course Unavailable at Local School,S216,Approved/Enrolled,12.524347826086956,4.8376086956521736,4.365897435897436,0.8415,34
4,4.666666666666667,4.5,2127.0664,AnPhA-S116-01,72.992,AnPhA,Course Unavailable at Local School,S116,Approved/Enrolled,12.5884,9.895,4.758648648648649,1.019,18
4.4,3,4,2356.4668,FrScA-S116-02,71.52,FrScA,Course Unavailable at Local School,S116,Approved/Enrolled,14.374827586206896,6.135357142857143,1.94125,1.2654838709677418,22
4,4.666666666666667,3.5,608.1834,PhysA-S116-01,78.125,PhysA,Learning Preference of the Student,S116,Approved/Enrolled,16.021,5.767894736842106,4.77,0.045,6
4.4,4.333333333333333,4,1471.8833,FrScA-S116-01,78.76712329,FrScA,Learning Preference of the Student,S116,Approved/Enrolled,14.667948717948718,5.948181818181818,6.637692307692308,0.22041666666666668,28
4,3.3333333333333335,3.5,3341.9499,AnPhA-S116-02,94.61474037,AnPhA,Course Unavailable at Local School,S116,Approved/Enrolled,11.518749999999999,9.178333333333333,5.6325,0.5916666666666667,22
4,4,3.5,2264.4834,AnPhA-S216-02,65.17808219,AnPhA,Course Unavailable at Local School,S216,Approved/Enrolled,11.577,6.427368421052631,3.641111111111111,1.7595652173913043,12
5,4.333333333333333,3.5,2634.6832,FrScA-S116-01,93.37899543,FrScA,Course Unavailable at Local School,S116,Approved/Enrolled,15.864871794871794,6.9245,8.865806451612903,0.798974358974359,46
4.8,4.333333333333333,4,2602.2333,OcnA-S116-01,90.70351759,OcnA,Course Unavailable at Local School,S116,Approved/Enrolled,14.317727272727272,7.2642105263157895,7.848636363636364,0.7354545454545455,19
4.8,3.3333333333333335,4.5,1666.7332,FrScA-S116-03,96.60502283,FrScA,Learning Preference of the Student,S116,Approved/Enrolled,15.75128205128205,9.067826086956522,4.648695652173913,1.7336666666666667,42
5,3,4.5,871.2833,FrScA-S216-01,81.6027088,FrScA,Other,S216,Approved/Enrolled,12.238648648648649,4.95390243902439,3.928181818181818,0.583,20
3.8,3.6666666666666665,3.5,1062.8665,FrScA-S216-01,91.4221219,FrScA,Course Unavailable at Local School,S216,Approved/Enrolled,15.54076923076923,4.583243243243243,5.675714285714286,1.4438235294117647,40
4.6,3.3333333333333335,3.5,2544.3666,FrScA-S116-02,70.62100457,FrScA,Course Unavailable at Local School,S116,Approved/Enrolled,11.030666666666667,1.904,3.6056521739130436,1.2692307692307692,12
3.8,2.6666666666666665,3,444.5,OcnA-S216-02,13.02847571,OcnA,Course Unavailable at Local School,S216,Approved/Enrolled,13.33,3.28,4.92,0,6
4.8,2.3333333333333335,4,918.1832,FrScA-S116-03,68.65525114,FrScA,Course Unavailable at Local School,S116,Approved/Enrolled,13.56,5.26375,5.168333333333333,1.5529411764705883,30
4,3.3333333333333335,2,529.2335,AnPhA-S216-02,73.1038526,AnPhA,Learning Preference of the Student,S216,Approved/Enrolled,10.70625,7.96,3.5961904761904764,1.1,16
3.4,2.6666666666666665,2.5,2448.4838,AnPhA-S216-01,81.50753769,AnPhA,Other,S216,Approved/Enrolled,10.174782608695653,7.349166666666666,2.3110526315789475,0.5755555555555556,24
4.8,4,4.5,553.3835,FrScA-S216-02,19.84,FrScA,Other,S216,Approved/Enrolled,18.013333333333332,7.6035,7.759444444444444,1.2378378378378379,18
5,5,5,2309.0334,AnPhA-S216-01,91.4109589,AnPhA,Course Unavailable at Local School,S216,Approved/Enrolled,9.474117647058824,6.491724137931034,5.718125,1.3562962962962963,24
5,5,4,2368.4997,AnPhA-S116-01,73.4533328,AnPhA,Learning Preference of the Student,S116,Approved/Enrolled,10.006521739130434,9.872380952380952,5.475714285714286,0.9663157894736842,15
NA,3.6666666666666665,4,1546.4166,BioA-T116-01,40.2389328,BioA,Course Unavailable at Local School,T116,Approved/Enrolled,0,2.38,NA,NA,NA
4.4,4,3.5,39.7504,AnPhA-S216-02,NA,AnPhA,Learning Preference of the Student,S216,Dropped,8.706666666666667,8.16,10.985,4.1675,6
5,4.666666666666667,5,2006.4003,AnPhA-S116-01,87.1808,AnPhA,Course Unavailable at Local School,S116,Approved/Enrolled,7.0633333333333335,6.03,5.591,1.4266666666666667,7
3.8,3.6666666666666665,3,NA,AnPhA-S116-01,NA,AnPhA,Course Unavailable at Local School,S116,Dropped,NA,NA,NA,NA,NA
4.6,4.333333333333333,4.5,3031.3165,AnPhA-S116-02,90.70351759,AnPhA,Scheduling Conflict,S116,Approved/Enrolled,16.292962962962964,7.045454545454546,4.612777777777778,0.2163157894736842,19
5,4.666666666666667,3.5,1419.8,AnPhA-S116-02,88.8896,AnPhA,Course Unavailable at Local School,S116,Approved/Enrolled,10.285769230769231,6.9085,8.39913043478261,0.44642857142857145,16
4.6,4.666666666666667,4,2938.4666,FrScA-S116-01,90.80569514,FrScA,Course Unavailable at Local School,S116,Approved/Enrolled,14.076923076923077,5,6.407631578947369,0.7183636363636363,42
4.6,2.6666666666666665,4,1334.7001,FrScA-S116-01,75.50790068,FrScA,Course Unavailable at Local School,S116,Approved/Enrolled,17.884761904761906,7.644634146341463,6.268648648648648,0.49416666666666664,12
4,4,4,1835.5833,PhysA-S216-01,93.88888889,PhysA,Learning Preference of the Student,S216,Approved/Enrolled,19.79153846153846,6.14,5.143888888888889,0.43176470588235294,20
4.2,4,4,571.2834,FrScA-S116-01,91.50564334,FrScA,Course Unavailable at Local School,S116,Approved/Enrolled,10.963658536585365,5.208205128205128,8.865806451612903,0.6166666666666667,38
5,3.6666666666666665,4,2420.5994,FrScA-S216-01,91.64785553,FrScA,Course Unavailable at Local School,S216,Approved/Enrolled,12.812692307692307,5.958888888888889,5.8425,1.0684848484848484,37
3.4,3.3333333333333335,3,3797.3334,OcnA-S216-01,66.7525328,OcnA,Course Unavailable at Local School,S216,Approved/Enrolled,15.107,6.596,4.632857142857143,0.653,13
2.8,2.3333333333333335,3,1075.0999,PhysA-S116-01,72.91196388,PhysA,Learning Preference of the Student,S116,Approved/Enrolled,16.021,6.632702702702702,5.7716666666666665,0.57,3
3.8,4,3,2763.0331,BioA-S116-01,88.72026801,BioA,Learning Preference of the Student,S116,Approved/Enrolled,12.78,6.702222222222222,7.848636363636364,1.072857142857143,24
5,4.666666666666667,4.5,2006.4003,PhysA-S116-01,76.875,PhysA,Course Unavailable at Local School,S116,Approved/Enrolled,18.193157894736842,3.6310000000000002,4.382727272727273,0.8427777777777777,12
3.6,2.6666666666666665,3,644.2667,FrScA-S116-01,72.91196388,FrScA,Course Unavailable at Local School,S116,Approved/Enrolled,12.888148148148149,7.375,7.768260869565217,0.798974358974359,33
5,4.666666666666667,4.5,3429.0336,AnPhA-S216-01,86.29452055,AnPhA,Course Unavailable at Local School,S216,Approved/Enrolled,7.0633333333333335,3.57,4.4516,1.198695652173913,7
1.8,3.6666666666666665,3,1901.9166,AnPhA-S116-01,92.60722348,AnPhA,Course Unavailable at Local School,S116,Approved/Enrolled,13.896666666666667,8.306666666666667,5.2825,0.8306896551724138,29
4.8,3.6666666666666665,3.5,1918.6166,FrScA-S216-02,96.38826185,FrScA,Course Unavailable at Local School,S216,Approved/Enrolled,16.17222222222222,5.406666666666666,5.165405405405405,0.8415,42
3.8,4,3.5,1250.7833,PhysA-S116-01,95.48611111,PhysA,Learning Preference of the Student,S116,Approved/Enrolled,22.790769230769232,6.8575,5.6866666666666665,0.864375,19
3.6,4,3.5,849.6835,AnPhA-S116-01,25.5928,AnPhA,Course Unavailable at Local School,S116,Approved/Enrolled,9.17153846153846,5.2716666666666665,1.79,0,3
4.8,5,4.5,2300.6664,AnPhA-S216-01,68.03424658,AnPhA,Other,S216,Approved/Enrolled,11.601923076923077,6.153157894736842,3.827142857142857,1.4413636363636364,24
4,4.333333333333333,2.5,245.2834,OcnA-S216-01,3.433835846,OcnA,Course Unavailable at Local School,S216,Approved/Enrolled,10.897142857142857,8.195,4.3675,0,1
3.6,3,3,6243.9003,OcnA-S216-01,90.76884422,OcnA,Course Unavailable at Local School,S216,Approved/Enrolled,16.12,6.1175,2.4755172413793103,1.7005882352941177,24
5,3.6666666666666665,4,2420.5994,FrScA-S216-02,89.72911964,FrScA,Course Unavailable at Local School,S216,Approved/Enrolled,15.831428571428571,5.738857142857142,5.166666666666667,1.2084615384615385,39
4.8,3.3333333333333335,3.5,1564.633,FrScA-S116-01,81.52777778,FrScA,Course Unavailable at Local School,S116,Approved/Enrolled,17.058048780487805,7.644634146341463,6.637692307692308,0.5990909090909091,33
3.4,4,2.5,1359.033,OcnA-S216-02,22.97319933,OcnA,Course Unavailable at Local School,S216,Approved/Enrolled,16.425789473684212,8.59952380952381,9.102173913043478,0,7
4.4,3,3.5,2689.1334,FrScA-S116-02,65.17808219,FrScA,Course Unavailable at Local School,S116,Approved/Enrolled,14.374827586206896,6.738888888888889,2.953333333333333,1.2654838709677418,23
4,4.666666666666667,3.5,801.2336,BioA-S116-01,78.54946237,BioA,Course Unavailable at Local School,S116,Approved/Enrolled,14.8465,9.895,6.405897435897436,1.0288,26
4.4,3,3,2101.933,FrScA-S116-02,70.62100457,FrScA,Course Unavailable at Local School,S116,Approved/Enrolled,18.126666666666665,6.135357142857143,1.94125,0.7745945945945946,22
4.4,4,3.5,2804.9832,AnPhA-S116-02,85.9093344,AnPhA,Course Unavailable at Local School,S116,Approved/Enrolled,10.802608695652173,7.573846153846153,5.9225,0.1235,20
3.6,3.3333333333333335,3.5,317.2168,AnPhA-S116-01,15.90954774,AnPhA,Scheduling Conflict,S116,Approved/Enrolled,8.708333333333334,5.684,1.79,0,3
4.2,4,4,898,FrScA-S216-01,99.32998325,FrScA,Course Unavailable at Local School,S216,Approved/Enrolled,11.759444444444444,4.35125,3.976,0.8993939393939394,40
4,3,3,616.3672,BioA-S116-01,83.16666667,BioA,Course Unavailable at Local School,S116,Approved/Enrolled,17.8625,9.405,6.032,1.5916666666666668,15
1.8,2.6666666666666665,3.5,1389.3161,OcnA-S216-01,75.99497487,OcnA,Other,S216,Approved/Enrolled,16.578333333333333,8.183333333333334,5.8695,0.44,19
4.2,NA,3.5,1113.2168,FrScA-S216-01,40.97065463,FrScA,Course Unavailable at Local School,S216,Approved/Enrolled,12.979444444444445,4.711578947368421,3.103076923076923,0.12409090909090909,21
4.4,NA,3.5,1665.1665,OcnA-T116-01,92.84722222,OcnA,Course Unavailable at Local School,T116,Approved/Enrolled,NA,NA,NA,NA,NA
4,4,3,2454.3332,AnPhA-S216-01,84.4474672,AnPhA,Scheduling Conflict,S216,Approved/Enrolled,11.23,5.961538461538462,3.6669565217391304,0.7615,16
5,5,4.5,510.8667,AnPhA-S116-02,14.4469526,AnPhA,Learning Preference of the Student,S116,Approved/Enrolled,4.76,2.38,4.766666666666667,2.286,3
5,5,5,2309.0334,AnPhA-S116-01,93.7536,AnPhA,Course Unavailable at Local School,S116,Approved/Enrolled,9.79,7.0808,7.026,1.6615625,32
5,5,4.5,1038.0003,AnPhA-S216-02,80.97822446,AnPhA,Other,S216,Approved/Enrolled,10.5,5.917826086956522,2.9757894736842103,0.9663157894736842,14
3.4,4,4,1533.0996,PhysA-S116-01,95.89041096,PhysA,Other,S116,Approved/Enrolled,16.28611111111111,5.693333333333333,3.256521739130435,0.2542857142857143,12
4.6,4,4,960.2998,OcnA-S216-02,83.41324201,OcnA,Course Unavailable at Local School,S216,Approved/Enrolled,12.524347826086956,4.422,4.2368,0.8507142857142856,20
4.4,3.6666666666666665,3.5,1174.3499,OcnA-S216-01,88.408,OcnA,Course Unavailable at Local School,S216,Approved/Enrolled,15.205384615384617,7.169230769230769,5.751142857142857,0.8629166666666667,19
5,4.666666666666667,3,193.0498,AnPhA-S216-01,19.84,AnPhA,Course Unavailable at Local School,S216,Approved/Enrolled,8.16,5.684,2.8985714285714286,0,2
4.6,4.666666666666667,4.5,535.8334,PhysA-S116-01,68.05555556,PhysA,Learning Preference of the Student,S116,Approved/Enrolled,16.462777777777777,5.696666666666666,5.206666666666667,0.6708333333333333,10
5,4.333333333333333,4.5,7.8831,AnPhA-S116-01,61.62528217,AnPhA,Course Unavailable at Local School,S116,Approved/Enrolled,4.76,3.74,2.6966666666666668,0.4666666666666667,3
3.8,3.3333333333333335,4,107.8999,BioA-S216-01,36.34408602,BioA,Other,S216,Approved/Enrolled,13.4325,6.708333333333333,8.11,2.38,6
3.8,4,4,2258.9165,AnPhA-S216-02,65.17808219,AnPhA,Other,S216,Approved/Enrolled,NA,NA,NA,NA,NA
4,4,4,3502.0004,AnPhA-S116-01,83.5525328,AnPhA,Course Unavailable at Local School,S116,Approved/Enrolled,9.968235294117648,7.406666666666666,3.3144444444444443,0.8507142857142856,16
5,5,4.5,2676.7501,AnPhA-S216-02,69.8808,AnPhA,Other,S216,Approved/Enrolled,10.5,9.732173913043479,5.635833333333333,1.875217391304348,21
3.4,2.6666666666666665,3,2977.4502,FrScA-S116-01,92.91666667,FrScA,Course Unavailable at Local School,S116,Approved/Enrolled,17.433809523809526,5.21875,7.560975609756097,0.7254054054054053,39
5,4.333333333333333,4,1449.7001,FrScA-S216-01,86.20767494,FrScA,Learning Preference of the Student,S216,Approved/Enrolled,15.382222222222222,7.644634146341463,5.8425,1.4427027027027026,33
4,4.666666666666667,4,486.65,PhysA-S116-01,68.93802345,PhysA,Learning Preference of the Student,S116,Approved/Enrolled,17.09166666666667,5.725,4.766666666666667,0.05583333333333334,17
5,3.6666666666666665,4,1605.0336,OcnA-S116-02,93.40033501,OcnA,Course Unavailable at Local School,S116,Approved/Enrolled,17.98,5.0633333333333335,2.946842105263158,0.7745945945945946,17
4,3,3,4552.0833,BioA-S116-01,79.84,BioA,Learning Preference of the Student,S116,Approved/Enrolled,13.41625,6.368333333333333,9.29037037037037,1.072857142857143,26
4,4,4.5,119.3169,PhysA-S116-01,22.680067,PhysA,Other,S116,Approved/Enrolled,16.563333333333333,8.218823529411765,6.12,1.1258823529411766,5
3.6,2.3333333333333335,3,2199.3,FrScA-S216-01,73.25056433,FrScA,Course Unavailable at Local School,S216,Approved/Enrolled,10.433529411764706,6.014814814814815,19.01,0.6224999999999999,39
4.2,3.6666666666666665,3.5,1891.1999,OcnA-S116-01,90.23655914,OcnA,Other,S116,Approved/Enrolled,18.881666666666668,5.804117647058823,6.434166666666667,0.9256410256410257,24
4.4,3,3,1233.3832,FrScA-S116-01,88.58447489,FrScA,Other,S116,Approved/Enrolled,17.981025641025642,5.9991176470588234,4.763243243243243,0.6828205128205128,40
4.2,4,3.5,282.7834,AnPhA-S216-02,96.5216,AnPhA,Other,S216,Approved/Enrolled,10.285769230769231,6.2696,0,0.7884615384615384,19
4,3,3.5,608.2501,OcnA-S216-02,80.97822446,OcnA,Course Unavailable at Local School,S216,Approved/Enrolled,13.0355,8.287727272727272,5.9225,1.261111111111111,10
5,3.6666666666666665,4,3.9167,FrScA-S216-01,61.62528217,FrScA,Course Unavailable at Local School,S216,Approved/Enrolled,16.136842105263156,5.3559090909090905,5.3129629629629624,1.5529411764705883,10
NA,3.3333333333333335,3.5,919.5,BioA-S116-01,61.3172043,BioA,Other,S116,Approved/Enrolled,16.241666666666667,5.9125000000000005,7.3005,1.6425,8
5,5,5,2999.9832,AnPhA-S216-01,88.30318258,AnPhA,Course Unavailable at Local School,S216,Approved/Enrolled,8.740769230769232,5.77625,3.796153846153846,0.5847058823529412,24
4.4,3,3,1375.4834,FrScA-S116-02,63.14572864,FrScA,Course Unavailable at Local School,S116,Approved/Enrolled,15.662432432432432,8.136470588235294,8.215,0.76,34
4,4,3,4799.483,AnPhA-S216-01,85.4714656,AnPhA,Scheduling Conflict,S216,Approved/Enrolled,8.615,5.498888888888889,4.995416666666666,0.7218181818181818,18
4.4,4,4.5,1479.8998,AnPhA-S116-02,93.83249581,AnPhA,Learning Preference of the Student,S116,Approved/Enrolled,13.728181818181818,7.08952380952381,3.0852631578947367,0.4326315789473684,20
5,4,4,4199.4169,FrScA-S216-02,91.64785553,FrScA,Course Unavailable at Local School,S216,Approved/Enrolled,12.295806451612902,6.339677419354839,5.8425,0.7558333333333334,31
5,3.6666666666666665,4.5,6348.4492,FrScA-S116-03,96.79731993,FrScA,Course Unavailable at Local School,S116,Approved/Enrolled,12.95875,5.098387096774194,4.3402702702702705,1.34375,43
4.8,3.3333333333333335,3,152.7499,FrScA-S116-03,NA,FrScA,Course Unavailable at Local School,S116,Dropped,20.325,5.725,5.168333333333333,0,1
5,5,4.5,1038.0003,AnPhA-S216-01,76.29464286,AnPhA,Course Unavailable at Local School,S216,Approved/Enrolled,11.284375,9.630689655172414,4.845833333333333,0.79,21
4.4,4,3.5,2600.1334,PhysA-S116-01,82.0318258,PhysA,Course Unavailable at Local School,S116,Approved/Enrolled,NA,NA,NA,NA,NA
5,5,4.5,510.8667,AnPhA-S116-02,35.0608,AnPhA,Other,S116,Approved/Enrolled,12.123333333333335,6.708333333333333,7.4575,1.1344827586206896,5
4,4.333333333333333,3.5,6123.8832,AnPhA-T116-01,88.7024,AnPhA,Course Unavailable at Local School,T116,Approved/Enrolled,14.928571428571429,8.4132,5.13375,1.2818181818181817,19
2.2,1.6666666666666667,2.5,470.8,BioA-S116-01,7.580645161,BioA,Scheduling Conflict,S116,Approved/Enrolled,16.563333333333333,5.118333333333333,7.3005,3.14,5
3.2,3.3333333333333335,2.5,6954.6997,AnPhA-S116-02,91.50537634,AnPhA,Course Unavailable at Local School,S116,Approved/Enrolled,8.8135,8.277333333333333,2.272666666666667,0.288695652173913,18
4.4,3,3,1375.4834,FrScA-S216-03,40.4533328,FrScA,Course Unavailable at Local School,S216,Approved/Enrolled,16.728571428571428,6.08,4.098333333333334,0.4316666666666667,12
4.8,3,3,1616.3337,FrScA-S116-01,73.51598174,FrScA,Other,S116,Approved/Enrolled,17.884761904761906,5.42175,9.084444444444443,0.37648648648648647,12
3.4,4,3,1359.033,BioA-S116-01,45.76666667,BioA,Scheduling Conflict,S116,Approved/Enrolled,16.773846153846154,9.895,7.69875,2.38,10
4,3,3,616.3672,BioA-S116-01,93.8172043,BioA,Learning Preference of the Student,S116,Approved/Enrolled,19.886499999999998,9.405,4.97974358974359,1.76,20
4,4.333333333333333,3.5,873.6171,FrScA-S216-01,78.125,FrScA,Course Unavailable at Local School,S216,Approved/Enrolled,11.17625,6.0336842105263155,3.674166666666667,0.47000000000000003,20
5,4.333333333333333,3.5,1095.6001,AnPhA-S116-01,88.8896,AnPhA,Other,S116,Approved/Enrolled,10.811538461538461,7.183888888888889,7.25,1.3013333333333332,23
4,4,4,1272.2331,FrScA-S116-01,98.05555556,FrScA,Credit Recovery,S116,Approved/Enrolled,14.674615384615384,6.2075609756097565,3.2783783783783784,1.4202272727272727,42
4,4,3,1747.1669,FrScA-S116-03,85.87442922,FrScA,Course Unavailable at Local School,S116,Approved/Enrolled,12.281428571428572,6.092307692307692,4.921111111111111,1.4745714285714286,29
4.8,4.333333333333333,4,2602.2333,AnPhA-S116-01,93.64,AnPhA,Scheduling Conflict,S116,Approved/Enrolled,11.3212,6.54,4.5884210526315785,1.5204166666666667,26
4,4,3.5,2164.9001,PhysA-S116-01,90.1826484,PhysA,Other,S116,Approved/Enrolled,14.922380952380953,5.285714285714286,4.1322222222222225,0.24083333333333334,21
1.8,3,3,1.2168,FrScA-S216-02,NA,FrScA,Course Unavailable at Local School,S216,Dropped,NA,NA,NA,NA,NA
4,4,4,1351.9003,AnPhA-S116-02,60.9642672,AnPhA,Course Unavailable at Local School,S116,Approved/Enrolled,5.7837499999999995,3.57,4.078260869565217,0.39375,9
5,4.666666666666667,4.5,3475.8,AnPhA-S116-01,92.6074672,AnPhA,Other,S116,Approved/Enrolled,7.3575,6.724666666666667,4.3294999999999995,1.3714285714285714,7
5,4.666666666666667,4.5,2040.7333,FrScA-S216-01,83.06997743,FrScA,Course Unavailable at Local School,S216,Approved/Enrolled,15.864871794871794,5.360357142857143,5.741842105263157,0.5087179487179487,39
4.8,3.6666666666666665,4,524.7165,FrScA-S216-01,14.5408,FrScA,Course Unavailable at Local School,S216,Approved/Enrolled,12.36304347826087,3.850285714285714,0,0.25333333333333335,4
4.2,2,3.5,1665.1665,FrScA-S116-01,83.78995434,FrScA,Course Unavailable at Local School,S116,Approved/Enrolled,15.070357142857143,6.90974358974359,9.084444444444443,0.7354545454545455,39
4.4,2,3,1272.7337,FrScA-S116-02,85.38356164,FrScA,Scheduling Conflict,S116,Approved/Enrolled,10.860434782608696,6.061428571428571,3.3866666666666667,0.595,32
4.2,3.3333333333333335,3,2231.3667,PhysA-S116-01,92.12060302,PhysA,Other,S116,Approved/Enrolled,14.020243902439024,6.135357142857143,3.988125,0.183,21
3.6,2.6666666666666665,3,1006.3337,FrScA-S116-01,40.97065463,FrScA,Course Unavailable at Local School,S116,Approved/Enrolled,4.621818181818182,7.375,12.26,0.64,21
3.8,4,2.5,100.3334,OcnA-T116-01,67.49305556,OcnA,Scheduling Conflict,T116,Approved/Enrolled,NA,NA,NA,1.7883333333333333,NA
4,2.3333333333333335,3,860.4335,FrScA-S216-01,72.91196388,FrScA,Course Unavailable at Local School,S216,Approved/Enrolled,14.951538461538462,5.173846153846154,6.7907692307692304,0.9543478260869566,39
4.4,3.6666666666666665,4,1202.6335,FrScA-S116-03,88.52054795,FrScA,Course Unavailable at Local School,S116,Approved/Enrolled,15.30125,5.045483870967741,4.921111111111111,1.1738235294117647,40
3.8,3.6666666666666665,3,1920.8168,BioA-S116-01,93.48064516,BioA,Scheduling Conflict,S116,Approved/Enrolled,17.345625,7.763125,3.9942307692307693,3.8833333333333333,21
3.2,3,2.5,811.4334,PhysA-S216-01,67.72009029,PhysA,Scheduling Conflict,S216,Approved/Enrolled,22.656666666666666,4.961666666666666,5.193333333333333,0.6976470588235294,6
5,5,5,4538.4835,AnPhA-S216-01,96.16,AnPhA,Course Unavailable at Local School,S216,Approved/Enrolled,7.0633333333333335,4.899166666666667,5.290588235294118,0.932608695652174,13
4.4,2.6666666666666665,4,583.2498,FrScA-S216-01,40.97065463,FrScA,Other,S216,Approved/Enrolled,9.6265,4.95390243902439,7.715,0.5695652173913044,27
4.4,3.3333333333333335,3.5,2544.3666,FrScA-S116-01,82.0318258,FrScA,Course Unavailable at Local School,S116,Approved/Enrolled,18.46818181818182,5.360357142857143,9.084444444444443,0.6224999999999999,40
4,3,3,1122.5334,FrScA-S116-01,92.92237443,FrScA,Course Unavailable at Local School,S116,Approved/Enrolled,13.2645,5.429130434782609,5.3651351351351355,0.37609756097560976,37
4.2,4.333333333333333,3.5,6009.3666,AnPhA-S116-01,96.8144,AnPhA,Course Unavailable at Local School,S116,Approved/Enrolled,11.103333333333333,6.8548780487804875,7.25,1.3013333333333332,23
5,5,4.5,1904.1662,AnPhA-S116-01,91.312,AnPhA,Course Unavailable at Local School,S116,Approved/Enrolled,10.1175,8.306666666666667,5.281666666666666,1.2866666666666666,22
3.8,4,3,48.0332,OcnA-S116-02,NA,OcnA,Course Unavailable at Local School,S116,Dropped,16.465,4.863333333333333,4.641,0,7
4,4,3.5,1073.95,FrScA-S116-01,85.61643836,FrScA,Other,S116,Approved/Enrolled,14.667948717948718,6.026666666666666,7.796296296296297,0.03608695652173913,37
3.8,3.6666666666666665,3.5,1841.7836,FrScA-S216-02,92.375,FrScA,Scheduling Conflict,S216,Approved/Enrolled,17.513548387096773,6.614324324324325,5.026666666666666,1.0351282051282051,46
4.6,4.666666666666667,4,2938.4666,FrScA-S116-01,87.55707763,FrScA,Course Unavailable at Local School,S116,Approved/Enrolled,15.719189189189189,5.948181818181818,4.25,0.7944827586206896,40
5,5,4.5,406.0001,AnPhA-S116-01,14.4469526,AnPhA,Other,S116,Approved/Enrolled,12.123333333333335,0,2.5116,0.76875,1
4.6,4.333333333333333,4.5,2087.0501,AnPhA-S116-01,72.992,AnPhA,Scheduling Conflict,S116,Approved/Enrolled,11.284375,8.5208,6.521538461538461,0.6606666666666666,28
5,NA,4,1665.1665,FrScA-S216-01,73.13769752,FrScA,Course Unavailable at Local School,S216,Approved/Enrolled,10.433529411764706,5.26,16.73176470588235,0.20838709677419354,30
3.6,4,3.5,849.6835,AnPhA-S116-01,35.74539363,AnPhA,Course Unavailable at Local School,S116,Approved/Enrolled,5.7837499999999995,5.08764705882353,2.886875,0.5695652173913044,13
4.8,5,4.5,2676.7501,PhysA-S116-01,76.875,PhysA,Course Unavailable at Local School,S116,Approved/Enrolled,16.695882352941176,4.886,5.321428571428571,0,11
4.6,4.666666666666667,4,2193.117,AnPhA-S116-02,91.912,AnPhA,Scheduling Conflict,S116,Approved/Enrolled,12.112631578947369,7.244814814814815,3.0852631578947367,0.735609756097561,16
5,3.6666666666666665,4,583.1167,FrScA-S216-01,84.56944444,FrScA,Course Unavailable at Local School,S216,Approved/Enrolled,14.667948717948718,5.173846153846154,2.64875,1.418780487804878,41
4.6,4,4,1027.7002,FrScA-S116-03,76.30821918,FrScA,Course Unavailable at Local School,S116,Approved/Enrolled,16.798125,5,5.61,0.6641176470588235,36
4.2,3.3333333333333335,3,1276.7667,FrScA-S216-01,91.87358916,FrScA,Learning Preference of the Student,S216,Approved/Enrolled,13.236153846153845,4.423846153846154,4.532121212121212,1.7526666666666666,39
3.8,3,3,3954.2997,BioA-S116-01,79.84,BioA,Learning Preference of the Student,S116,Approved/Enrolled,15.280416666666667,6.526875,6.434166666666667,0.7604166666666667,24
4.6,4,4,1027.7002,FrScA-S116-03,88.52054795,FrScA,Course Unavailable at Local School,S116,Approved/Enrolled,15.205384615384617,7.42,7.10625,1.0817142857142856,40
4,3.6666666666666665,3.5,1857.8168,AnPhA-S116-02,81.4872,AnPhA,Learning Preference of the Student,S116,Approved/Enrolled,11.512272727272727,6.527727272727272,5.743103448275862,1.05575,18
4.6,2.6666666666666665,3,1374.95,FrScA-S116-01,40.97065463,FrScA,Other,S116,Approved/Enrolled,12.979444444444445,6.026666666666666,4.962,0.12409090909090909,28
4.4,3.6666666666666665,4,1087.6003,FrScA-S216-01,94.69525959,FrScA,Scheduling Conflict,S216,Approved/Enrolled,14.359,5.5633333333333335,4.006206896551724,0.7659375,37
4.6,4.666666666666667,4.5,1769.8667,FrScA-S116-03,85.87442922,FrScA,Course Unavailable at Local School,S116,Approved/Enrolled,14.335555555555555,6.66,4.845833333333333,1.4745714285714286,37
3.8,3.6666666666666665,3,1451.9169,PhysA-S116-01,90.55555556,PhysA,Learning Preference of the Student,S116,Approved/Enrolled,16.692,7.1825,4.52,0,12
3.8,4,3.5,1250.7833,PhysA-S116-01,93.61805556,PhysA,Other,S116,Approved/Enrolled,17.439166666666665,7.852222222222222,5.608333333333333,0.6736842105263158,12
5,3.6666666666666665,4,3.9167,FrScA-S216-01,NA,FrScA,Course Unavailable at Local School,S216,Dropped,0,NA,NA,NA,NA
4,3.3333333333333335,3,3544.8161,AnPhA-S116-01,88.7024,AnPhA,Scheduling Conflict,S116,Approved/Enrolled,9.8478125,8.9796,3.9058823529411764,1.2866666666666666,19
4,2,3.5,1665.1665,FrScA-S216-01,85.10158014,FrScA,Course Unavailable at Local School,S216,Approved/Enrolled,14.521944444444445,7.644634146341463,5.377878787878788,0.7916666666666666,40
4.2,3.6666666666666665,3.5,1697.5829,BioA-S116-01,93.48064516,BioA,Scheduling Conflict,S116,Approved/Enrolled,17.90888888888889,9.405,4.628837209302326,2.1506666666666665,26
5,4.333333333333333,3.5,4438.7165,AnPhA-S116-01,92.6074672,AnPhA,Other,S116,Approved/Enrolled,12.24875,6.7875,4.8375,0.7573684210526316,19
5,4.666666666666667,4.5,3429.0336,FrScA-S116-03,91.13902848,FrScA,Course Unavailable at Local School,S116,Approved/Enrolled,12.295806451612902,6.16,3.489411764705882,1.4202272727272727,37
5,4,3,57.6666,OcnA-T116-01,49.31506849,OcnA,Scheduling Conflict,T116,Approved/Enrolled,NA,NA,NA,NA,NA
3.2,3,4,4466.367,BioA-S116-01,93.83249581,BioA,Other,S116,Approved/Enrolled,NA,NA,NA,NA,NA
5,5,5,2309.0334,FrScA-S116-02,65.17808219,FrScA,Course Unavailable at Local School,S116,Approved/Enrolled,15.662432432432432,5.273333333333333,5.196521739130435,1.094,16
3.8,4,3.5,1481.8,AnPhA-T116-01,75.5392,AnPhA,Learning Preference of the Student,T116,Approved/Enrolled,NA,NA,NA,NA,19
5,5,5,4538.4835,AnPhA-S216-01,96.79731993,AnPhA,Course Unavailable at Local School,S216,Approved/Enrolled,10.1175,5.24625,4.995416666666666,1.0004166666666667,23
5,3.6666666666666665,4,1283.4669,FrScA-S116-03,88.52054795,FrScA,Course Unavailable at Local School,S116,Approved/Enrolled,15.30125,4.189375,4.054,0.6865116279069767,33
5,4.333333333333333,3.5,2634.6832,FrScA-S116-03,85.1189328,FrScA,Course Unavailable at Local School,S116,Approved/Enrolled,16.409268292682928,6.16,2.9488235294117646,0.795609756097561,44
5,5,5,4538.4835,AnPhA-S216-01,96.79731993,AnPhA,Course Unavailable at Local School,S216,Approved/Enrolled,9.267619047619048,5.24625,5.529999999999999,1.3091428571428572,29
4.6,3.6666666666666665,3.5,26.9168,OcnA-S216-01,85.7936,OcnA,Course Unavailable at Local School,S216,Approved/Enrolled,14.335555555555555,7.2642105263157895,3.3011764705882354,0.9423076923076923,14
4.8,4.666666666666667,4,362.8837,OcnA-S216-01,91.90860215,OcnA,Course Unavailable at Local School,S216,Approved/Enrolled,15.205384615384617,7.192352941176471,3.3269230769230766,1.2776470588235294,13
4.8,4.666666666666667,4,2591.1496,AnPhA-S216-01,NA,AnPhA,Scheduling Conflict,S216,NA,12.6925,10.85125,4.5988,0.7332,12
4.4,4,4.5,1479.8998,AnPhA-S216-02,33.28,AnPhA,Learning Preference of the Student,S216,Approved/Enrolled,11.52,4.196666666666667,5.253333333333333,0.93,10
5,5,4.5,3868.5332,AnPhA-T116-01,75.1296,AnPhA,Course Unavailable at Local School,T116,Approved/Enrolled,11.284375,8.946,3.0995238095238093,1.6588235294117646,12
4.6,4,5,231.7502,PhysA-S116-01,93.47738693,PhysA,Learning Preference of the Student,S116,Approved/Enrolled,19.406666666666666,7.2305,3.3269230769230766,1.1035,14
4.4,3,3,1616.3337,FrScA-S116-01,94.29223744,FrScA,Learning Preference of the Student,S116,Approved/Enrolled,18.228709677419356,4.005,12.99,0.32875,39
5,4.666666666666667,3.5,1304.1168,FrScA-S116-03,65.56392694,FrScA,Course Unavailable at Local School,S116,Approved/Enrolled,15.562758620689655,6.150689655172414,4.054,0.79225,24
4.6,4.666666666666667,3.5,1419.8,AnPhA-S116-02,88.8896,AnPhA,Other,S116,Approved/Enrolled,10.802608695652173,7.08952380952381,7.25,0.735609756097561,24
3.8,4,3,3715.9002,AnPhA-S116-01,83.5525328,AnPhA,Scheduling Conflict,S116,Approved/Enrolled,10.857894736842105,8.306666666666667,6.521538461538461,0.5291666666666667,23
4.2,4,4,1835.5833,AnPhA-S216-01,64.8128,AnPhA,Course Unavailable at Local School,S216,Approved/Enrolled,10.746315789473684,8.5208,8.4225,0.9792307692307692,8
4,4,4.5,898,FrScA-S216-01,99.32998325,FrScA,Course Unavailable at Local School,S216,Approved/Enrolled,13.236153846153845,4.5645454545454545,4.68,1.7526666666666666,41
3.8,3,3,1980.6001,FrScA-S116-03,94.30365297,FrScA,Course Unavailable at Local School,S116,Approved/Enrolled,15.75128205128205,7.38875,3.794,0.795609756097561,35
4.8,5,4.5,3868.5332,AnPhA-S116-02,99.75806452,AnPhA,Other,S116,Approved/Enrolled,13.728181818181818,7.88875,4.366,0.1235,25
4.6,4,3.5,1461.8332,OcnA-S216-02,70.21775544,OcnA,Learning Preference of the Student,S216,Approved/Enrolled,14.262272727272727,5.836,4.841428571428572,1.2692307692307692,13
4.8,4.333333333333333,4,4438.8165,AnPhA-S216-01,90.0016,AnPhA,Other,S216,Approved/Enrolled,9.968235294117648,6.7875,6.484615384615385,1.1277777777777778,24
4,4,3,2571.5334,FrScA-S116-03,74.1874672,FrScA,Course Unavailable at Local School,S116,Approved/Enrolled,13.621578947368421,5.4035,4.286086956521739,0.79225,21
4.8,3.3333333333333335,3,1330.8502,FrScA-S116-03,76.97031963,FrScA,Other,S116,Approved/Enrolled,21.37,8.837428571428571,4.648695652173913,1.254,35
4,4,3,3781.6498,AnPhA-S116-01,91.2016,AnPhA,Scheduling Conflict,S116,Approved/Enrolled,10.760625,8.9796,4.3872,1.16,23
4.4,4,3.5,2469.4006,AnPhA-S216-01,90.59589041,AnPhA,Scheduling Conflict,S216,Approved/Enrolled,10.311052631578947,5.7025,4.501904761904762,0.7218181818181818,20
2.8,3,3,2321.7998,OcnA-S216-01,68.15075377,OcnA,Learning Preference of the Student,S216,Approved/Enrolled,13.621578947368421,6.14,3.9755555555555553,0.8306896551724138,13
5,5,3.5,764.1668,AnPhA-S116-01,91.2928,AnPhA,Other,S116,Approved/Enrolled,13.896666666666667,6.976785714285715,4.966,0.8683333333333333,14
4,4,4.5,940.3001,FrScA-S216-01,66.93002257,FrScA,Course Unavailable at Local School,S216,Approved/Enrolled,15.236538461538462,5.3559090909090905,6.095555555555555,0.807,23
4.2,4.666666666666667,4,768.6994,PhysA-S116-01,95.41666667,PhysA,Course Unavailable at Local School,S116,Approved/Enrolled,15.2315,6.159,5.21,0.2542857142857143,19
4.6,4,4,1133.4667,OcnA-S216-02,NA,OcnA,Course Unavailable at Local School,S216,Dropped,14.75,8.195,2.953333333333333,1.1116666666666666,13
3.6,4,3,615.2168,AnPhA-S216-01,66.73366834,AnPhA,Course Unavailable at Local School,S216,Approved/Enrolled,10.239166666666666,7.96,5.319,0,18
4.8,4.333333333333333,3.5,3514.5498,OcnA-S116-01,93.48064516,OcnA,Course Unavailable at Local School,S116,Approved/Enrolled,14.317727272727272,8.352222222222222,4.9004,1.4745714285714286,19
5,3.6666666666666665,4,583.1167,FrScA-S216-01,97.5,FrScA,Course Unavailable at Local School,S216,Approved/Enrolled,14.699772727272727,6.164634146341464,5.0385294117647055,0.6828205128205128,43
4,3.6666666666666665,4,3599.7168,FrScA-S116-01,95.13888889,FrScA,Course Unavailable at Local School,S116,Approved/Enrolled,14.521944444444445,4.236969696969697,9.0121875,0.5172972972972973,35
3.6,3,3.5,3755.1506,BioA-S116-01,92.94301075,BioA,Scheduling Conflict,S116,Approved/Enrolled,14.840833333333332,7.573846153846153,5.026666666666666,1.535,18
4.6,3.6666666666666665,4.5,330.7998,FrScA-S216-01,93.67945824,FrScA,Course Unavailable at Local School,S216,Approved/Enrolled,13.75051282051282,4.936,4.68,0.7924324324324324,37
3.8,3.6666666666666665,2.5,1077.1836,FrScA-S216-01,91.19638826,FrScA,Course Unavailable at Local School,S216,Approved/Enrolled,16.70525,6.9245,5.675714285714286,0.7443589743589744,39
5,5,4.5,2915.5167,AnPhA-T116-01,95.104,AnPhA,Learning Preference of the Student,T116,Approved/Enrolled,8.633846153846154,7.88875,4.31625,0.690625,19
4.2,3.6666666666666665,3.5,1697.5829,OcnA-S216-02,82.668341710000007,OcnA,Course Unavailable at Local School,S216,Approved/Enrolled,12.281428571428572,5.6431818181818185,3.9978571428571428,0.8507142857142856,21
4.6,3.6666666666666665,NA,3343.3333,FrScA-S216-01,90.08064516,FrScA,Course Unavailable at Local School,S216,Approved/Enrolled,14.858205128205128,5.7292499999999995,4.633589743589743,0.9258974358974359,35
3.8,4,3.5,1272.7001,FrScA-S116-01,96.80555556,FrScA,Course Unavailable at Local School,S116,Approved/Enrolled,14.674615384615384,6.2075609756097565,4.8954054054054055,0.95575,42
4.2,4.666666666666667,4,2938.4666,OcnA-S116-01,90.70351759,OcnA,Learning Preference of the Student,S116,Approved/Enrolled,13.671818181818182,7.6881818181818184,6.5183333333333335,1.3411111111111111,12
3.8,3.6666666666666665,2.5,237.3,BioA-S116-01,72.84946237,BioA,Other,S116,Approved/Enrolled,16.6072,10.81,7.537142857142857,1.0288,21
3.4,4,3,1359.033,PhysA-S116-01,84.64611872,PhysA,Other,S116,Approved/Enrolled,16.717222222222222,8.836666666666666,5.677894736842105,0.2723809523809524,11
4.6,4.333333333333333,4,1746.5501,FrScA-S216-02,81.03837472,FrScA,Scheduling Conflict,S216,Approved/Enrolled,16.335,10.245128205128205,7.654210526315789,0.9792307692307692,39
4.6,4,4,782.5002,AnPhA-S116-01,68.17155756,AnPhA,Learning Preference of the Student,S116,Approved/Enrolled,9.048571428571428,5.23625,2.3841666666666668,0.19285714285714287,16
3.8,3.6666666666666665,3.5,1250.7833,FrScA-S116-01,85.61643836,FrScA,Course Unavailable at Local School,S116,Approved/Enrolled,12.3655,4.842162162162162,12.99,0.4175675675675676,40
4.4,3.6666666666666665,3.5,791.0503,FrScA-S116-01,75.16930023,FrScA,Learning Preference of the Student,S116,Approved/Enrolled,17.884761904761906,5.173846153846154,6.268648648648648,0.65675,40
3.8,3.6666666666666665,3,1920.8168,AnPhA-S216-01,32.7001675,AnPhA,Course Unavailable at Local School,S216,Approved/Enrolled,NA,NA,NA,NA,NA
3.8,3.3333333333333335,4,107.8999,FrScA-S116-01,NA,FrScA,Course Unavailable at Local School,S116,Dropped,0,NA,NA,NA,NA
4.8,4.666666666666667,4.5,535.8334,AnPhA-S116-01,21.89616253,AnPhA,Course Unavailable at Local School,S116,Approved/Enrolled,3.74,6.17,4.086428571428572,0.47,6
4.8,3.6666666666666665,4,766.5663,OcnA-S216-01,70.4149328,OcnA,Course Unavailable at Local School,S216,Approved/Enrolled,NA,NA,NA,NA,NA
3.8,3.6666666666666665,3.5,2948.6174,AnPhA-S116-01,83.4938672,AnPhA,Course Unavailable at Local School,S116,Approved/Enrolled,12.331428571428571,7.1045,5.33578947368421,0.8507142857142856,20
5,4,4.5,1430.217,FrScA-S216-01,15.06849315,FrScA,Course Unavailable at Local School,S216,Approved/Enrolled,14.53375,4,4.0377777777777775,1.64,5
5,4,5,846.0835,FrScA-S216-01,84.56944444,FrScA,Learning Preference of the Student,S216,Approved/Enrolled,11.17625,4.795,4.68,0.05777777777777778,32
5,3.6666666666666665,3.5,1376.483,FrScA-S216-01,96.29815745,FrScA,Course Unavailable at Local School,S216,Approved/Enrolled,18.2275,3.9615384615384612,7.311470588235294,0.6333333333333333,31
3.6,4,2.5,1290.4502,OcnA-S216-02,83.5882656,OcnA,Course Unavailable at Local School,S216,Approved/Enrolled,17.345625,8.602500000000001,7.25,1.0105882352941176,19
3.8,4,3.5,1250.7833,PhysA-S116-01,98.61111111,PhysA,Other,S116,Approved/Enrolled,15.454166666666666,7.251666666666667,4.758333333333333,0.2723809523809524,12
4.4,4,3.5,NA,FrScA-S116-01,NA,FrScA,Learning Preference of the Student,S116,Dropped,NA,NA,NA,NA,NA
4.6,4.333333333333333,4,4176.8337,PhysA-S116-01,76.875,PhysA,Other,S116,Approved/Enrolled,16.114166666666666,7.154864864864865,4.333333333333333,0.15375,12
5,5,3.5,5532.4164,AnPhA-S116-01,92.6074672,AnPhA,Course Unavailable at Local School,S116,Approved/Enrolled,10.811538461538461,6.7875,7.25,0.7320833333333333,16
3.6,4.333333333333333,4,6123.8832,AnPhA-S116-02,81.1226672,AnPhA,Course Unavailable at Local School,S116,Approved/Enrolled,11.577,5.459130434782609,3.256521739130435,0.8921739130434783,19
4,3,3.5,1600.3334,FrScA-S216-01,83.18284424,FrScA,Course Unavailable at Local School,S216,Approved/Enrolled,15.16425,5.360357142857143,3.6395,0.707741935483871,45
5,3.6666666666666665,3,2130.7497,AnPhA-S216-01,82.71524288,AnPhA,Course Unavailable at Local School,S216,Approved/Enrolled,6.953333333333333,7.0575,4.1572,1.1277777777777778,17
3.8,4,3,100.3334,FrScA-S216-01,NA,FrScA,Learning Preference of the Student,S216,Dropped,12.280000000000001,8.7125,6.291666666666667,1.1116666666666666,18
5,3.6666666666666665,4,2689.4502,FrScA-S216-01,91.64785553,FrScA,Course Unavailable at Local School,S216,Approved/Enrolled,14.490487804878049,5.466470588235294,5.203157894736842,0.64325,42
5,4.666666666666667,3.5,2143.133,FrScA-S216-01,90.74492099,FrScA,Course Unavailable at Local School,S216,Approved/Enrolled,13.33925,4.187179487179487,6.474444444444444,1.2354545454545454,30
3.8,4,2,2615.4998,OcnA-S116-01,76.13888889,OcnA,Course Unavailable at Local School,S116,Approved/Enrolled,11.142916666666666,4.52,4.365897435897436,0.44608695652173913,16
4.8,4.666666666666667,3.5,1304.1168,FrScA-S116-03,62.73287671,FrScA,Course Unavailable at Local School,S116,Approved/Enrolled,15.554782608695652,6.363333333333333,3.489411764705882,1.1527272727272726,19
5,4.333333333333333,4,1449.7001,FrScA-S116-01,96.29815745,FrScA,Course Unavailable at Local School,S116,Approved/Enrolled,13.914594594594595,6.696486486486487,4.855641025641026,1.1556410256410257,50
5,3.6666666666666665,NA,821.9161,FrScA-S116-01,87.81038375,FrScA,Scheduling Conflict,S116,Approved/Enrolled,13.914594594594595,6.7068,4.25,0.79225,34
4.4,3.6666666666666665,3,1390.2167,FrScA-S216-01,89.84198646,FrScA,Scheduling Conflict,S216,Approved/Enrolled,14.1525,4.423846153846154,5.6347826086956525,1.4508333333333332,37
4.6,3.6666666666666665,4,2310.3333,FrScA-S216-01,96.38826185,FrScA,Learning Preference of the Student,S216,Approved/Enrolled,14.076923076923077,5.958888888888889,6.067954545454546,1.4427027027027026,39
3.2,3.3333333333333335,2.5,24.65,OcnA-S216-01,2.931323283,OcnA,Learning Preference of the Student,S216,Approved/Enrolled,14.75,2.44,4.92,0,1
5,4,5,4199.4169,AnPhA-S216-01,72.3008,AnPhA,Course Unavailable at Local School,S216,Approved/Enrolled,12.388,8.946,4.333333333333333,0.4684615384615385,25
4,4,3.5,1638.45,OcnA-S216-01,84.23953247,OcnA,Course Unavailable at Local School,S216,Approved/Enrolled,14.403529411764707,7.192352941176471,3.794,1.0105882352941176,14
4,4,3.5,2264.4834,PhysA-S216-01,94.23611111,PhysA,Scheduling Conflict,S216,Approved/Enrolled,16.666086956521738,6.893157894736842,4.8081249999999995,0.7615,21
4.4,3.6666666666666665,3.5,4323.8332,FrScA-S116-03,90.0016,FrScA,Course Unavailable at Local School,S116,Approved/Enrolled,17.008333333333333,5.4035,3.6109999999999998,0.583,39
4.2,4,2.5,258.35,OcnA-S216-02,87.67123288,OcnA,Course Unavailable at Local School,S216,Approved/Enrolled,14.178478260869564,8.602500000000001,5.2825,1.2776470588235294,20
4.4,3.6666666666666665,3.5,1174.3499,FrScA-S116-03,76.97031963,FrScA,Course Unavailable at Local School,S116,Approved/Enrolled,15.523666666666667,8.136470588235294,5.751142857142857,0.9046666666666666,37
5,4,4,1232.8665,OcnA-S216-02,63.98324958,OcnA,Course Unavailable at Local School,S216,Approved/Enrolled,15.554782608695652,5.244,4.92,2.029,12
4.2,4.333333333333333,4,1727.2666,PhysA-S216-01,95.43378995,PhysA,Other,S216,Approved/Enrolled,NA,NA,NA,NA,NA
5,4.666666666666667,4,7084.7003,FrScA-S116-01,76.875,FrScA,Course Unavailable at Local School,S116,Approved/Enrolled,14.79595238095238,5.360357142857143,7.16975,0.16115384615384615,30
5,5,4,2368.4997,AnPhA-T116-01,93.7536,AnPhA,Course Unavailable at Local School,T116,Approved/Enrolled,11.3212,7.08952380952381,5.13375,1.2866666666666666,22
4.6,2.6666666666666665,3,2137.7164,FrScA-S116-01,69.6347032,FrScA,Other,S116,Approved/Enrolled,12.979444444444445,4.709512195121952,4.371025641025641,0.4390476190476191,28
4.2,4.333333333333333,3,657.1668,FrScA-S216-01,95.41666667,FrScA,Course Unavailable at Local School,S216,Approved/Enrolled,18.2275,4.005,6.474444444444444,0.823,37
5,3,5,1210.0499,FrScA-S116-01,82.39277652,FrScA,Course Unavailable at Local School,S116,Approved/Enrolled,14.33425,5.6925,4.86,0.815,37
4.8,3.3333333333333335,3,3424.5662,FrScA-S116-01,83.23287671,FrScA,Course Unavailable at Local School,S116,Approved/Enrolled,13.684722222222222,4.824871794871795,5.6682500000000005,0.9256410256410257,41
4.4,3.3333333333333335,4,1137.8334,OcnA-T116-01,60.9642672,OcnA,Learning Preference of the Student,T116,Approved/Enrolled,NA,NA,NA,NA,NA
3.2,3,3,565.7832,OcnA-S216-01,12.35294118,OcnA,Course Unavailable at Local School,S216,Approved/Enrolled,10.897142857142857,8.195,7.131666666666667,0.264,6
5,4.333333333333333,4.5,7.8831,AnPhA-S116-01,NA,AnPhA,Course Unavailable at Local School,S116,Dropped,4.94,12.31,4.639130434782609,0.47,6
5,4.333333333333333,4,3067.4676,FrScA-S116-01,96.80365297,FrScA,Course Unavailable at Local School,S116,Approved/Enrolled,15.837142857142856,6.984864864864865,4.855641025641026,1.7268181818181818,43
4.6,4.333333333333333,4.5,1727.2666,OcnA-T116-01,92.84722222,OcnA,Other,T116,Approved/Enrolled,NA,8.215,NA,NA,NA
4.8,4,4,879.1998,FrScA-S216-01,94.74885845,FrScA,Course Unavailable at Local School,S216,Approved/Enrolled,18.2275,4.918064516129032,5.3129629629629624,1.7526666666666666,40
4.2,3.6666666666666665,3.5,1311.9998,OcnA-S116-01,68.25795645,OcnA,Learning Preference of the Student,S116,Approved/Enrolled,16.248076923076923,7.536153846153846,3.7946666666666666,1.75,20
4.6,4.333333333333333,3.5,6009.3666,AnPhA-S116-01,93.9279732,AnPhA,Course Unavailable at Local School,S116,Approved/Enrolled,12.456551724137931,6.344482758620689,3.706153846153846,0.7884615384615384,25
4.2,4.333333333333333,4,4176.8337,AnPhA-S116-01,95.0208,AnPhA,Course Unavailable at Local School,S116,Approved/Enrolled,10.578695652173913,7.75125,8.705769230769231,1.2866666666666666,32
5,4.666666666666667,4.5,1587.1833,AnPhA-S216-02,33.28,AnPhA,Learning Preference of the Student,S216,Approved/Enrolled,4.180000000000001,8.215,19.01,0.5785,10
4,4.333333333333333,2.5,3123.3502,AnPhA-S116-02,84.9893328,AnPhA,Course Unavailable at Local School,S116,Approved/Enrolled,12.094,10.542380952380952,7.25,1.2378378378378379,23
3.6,3.3333333333333335,4.5,1302.8501,FrScA-S116-01,98.05555556,FrScA,Course Unavailable at Local School,S116,Approved/Enrolled,15.48891891891892,6.4799999999999995,3.2783783783783784,0.795609756097561,39
4.6,3,3.5,2356.4668,FrScA-S116-02,69.8808,FrScA,Course Unavailable at Local School,S116,Approved/Enrolled,16.248076923076923,6.738888888888889,5.190344827586207,0.9518181818181818,23
4.2,4,4,2700.6668,AnPhA-S116-01,93.7024,AnPhA,Course Unavailable at Local School,S116,Approved/Enrolled,9.968235294117648,6.54,4.358888888888889,0.6433333333333333,28
5,3,3,2137.7164,FrScA-S216-01,90.74492099,FrScA,Learning Preference of the Student,S216,Approved/Enrolled,16.033076923076923,7.33775,5.8425,1.3411111111111111,46
4.8,4.333333333333333,4,3514.5498,AnPhA-S216-01,67.9248,AnPhA,Scheduling Conflict,S216,Approved/Enrolled,7.66,5.08764705882353,4.4516,1.4413636363636364,10
4,4,4,898,FrScA-S216-01,94.69525959,FrScA,Course Unavailable at Local School,S216,Approved/Enrolled,12.681142857142857,3.850285714285714,4.0377777777777775,0.79225,32
5,5,5,3547.0667,AnPhA-S216-01,67.9248,AnPhA,Course Unavailable at Local School,S216,Approved/Enrolled,10.052608695652173,7.430400000000001,8.194761904761904,1.1344827586206896,18
4.8,3.6666666666666665,4.5,3022.5333,FrScA-S216-02,95.93679458,FrScA,Course Unavailable at Local School,S216,Approved/Enrolled,12.95875,7.514186046511628,6.044838709677419,0.12423076923076923,50
4.2,4,3.5,2269.8829,AnPhA-S216-01,83.24288107,AnPhA,Learning Preference of the Student,S216,Approved/Enrolled,11.2044,7.6557894736842105,4.539,1.01,23
4,4,4.5,1835.5833,FrScA-S116-03,94.30365297,FrScA,Course Unavailable at Local School,S116,Approved/Enrolled,16.17222222222222,8.170833333333333,5.2578125,0.565,33
3.4,4,2.5,1359.033,BioA-S116-01,61.3172043,BioA,Scheduling Conflict,S116,Approved/Enrolled,16.773846153846154,7.219,7.759444444444444,3.8833333333333333,8
NA,3.3333333333333335,4.5,2399.5166,OcnA-T116-01,95.43378995,OcnA,Course Unavailable at Local School,T116,Approved/Enrolled,NA,NA,NA,NA,NA
4.4,4.666666666666667,3.5,609.7999,FrScA-S216-04,96.34027778,FrScA,Scheduling Conflict,S216,Approved/Enrolled,12.808260869565217,4.711578947368421,5.591111111111111,0.6433333333333333,42
4.8,4.333333333333333,4.5,3514.5498,OcnA-S116-01,87.24408602,OcnA,Other,S116,Approved/Enrolled,12.786666666666667,4.849,3.428108108108108,0.583,25
4.2,3.6666666666666665,3,1390.2167,OcnA-S216-01,40.4533328,OcnA,Course Unavailable at Local School,S216,Approved/Enrolled,13.2275,4.52,2.044,0.5723809523809524,3
5,5,5,3547.0667,FrScA-S216-01,96.1803653,FrScA,Course Unavailable at Local School,S216,Approved/Enrolled,12.812692307692307,7.437692307692307,6.067954545454546,0.64325,44
4.2,3.6666666666666665,4,1555.1667,OcnA-S116-01,99.75806452,OcnA,Course Unavailable at Local School,S116,Approved/Enrolled,15.040000000000001,7.724166666666667,5.026666666666666,1.4745714285714286,18
3.8,4,3.5,787.2831,PhysA-S116-01,78.125,PhysA,Scheduling Conflict,S116,Approved/Enrolled,16.15888888888889,5.725,4.336666666666667,0.2866666666666667,11
4.2,4,4,1351.9003,AnPhA-S216-02,40.4533328,AnPhA,Scheduling Conflict,S216,Approved/Enrolled,9.61,9.895,16.73176470588235,0.51,12
5,4,4.5,2151.1498,OcnA-S116-01,91.912,OcnA,Course Unavailable at Local School,S116,Approved/Enrolled,13.671818181818182,5.4513043478260865,7.78,0.7263636363636363,17
4,4.666666666666667,2.5,4284.4003,AnPhA-S216-01,93.96984925,AnPhA,Course Unavailable at Local School,S216,Approved/Enrolled,14.928571428571429,6.344482758620689,3.9382352941176473,0.971304347826087,23
5,4.333333333333333,3.5,1784.2506,FrScA-S116-03,85.87442922,FrScA,Course Unavailable at Local School,S116,Approved/Enrolled,15.581666666666667,7.810625,4.363333333333333,1.3412244897959185,37
4.4,4,3.5,2804.9832,AnPhA-S116-02,81.8309328,AnPhA,Learning Preference of the Student,S116,Approved/Enrolled,11.512272727272727,6.3516,5.196521739130435,0.76625,20
4.2,3.6666666666666665,2.5,1268.1002,OcnA-S216-01,83.5882656,OcnA,Course Unavailable at Local School,S216,Approved/Enrolled,13.01,7.981111111111111,5.329545454545454,1.183,16
4.2,4,3.5,3020.7167,FrScA-S116-01,90.97222222,FrScA,Course Unavailable at Local School,S116,Approved/Enrolled,14.315641025641026,3.2235897435897436,4.371025641025641,1.7268181818181818,35
3.6,4.666666666666667,3.5,801.2336,BioA-S116-01,83.96021505,BioA,Learning Preference of the Student,S116,Approved/Enrolled,18.607241379310345,6.955384615384616,5.180555555555555,1.2349999999999999,21
4,4,4,2700.6668,OcnA-S116-01,87.24408602,OcnA,Learning Preference of the Student,S116,Approved/Enrolled,15.268181818181818,5.804117647058823,8.637272727272727,0.20838709677419354,25
5,2.6666666666666665,4.5,191.3834,FrScA-S216-01,8.040201005,FrScA,Other,S216,Approved/Enrolled,7.61,8.7125,9.236666666666666,0,3
5,3.6666666666666665,NA,3343.3333,PhysA-S116-01,69.97742664,PhysA,Course Unavailable at Local School,S116,Approved/Enrolled,16.127142857142857,5.098387096774194,4.054,0,11
3.8,3.3333333333333335,3,88.5167,FrScA-S116-03,2.931323283,FrScA,Course Unavailable at Local School,S116,Approved/Enrolled,10.286,5.383055555555556,4.1765625,0,1
5,3.6666666666666665,4,1376.483,FrScA-S216-01,15.06849315,FrScA,Course Unavailable at Local School,S216,Approved/Enrolled,10.141666666666667,4.801714285714286,16.578181818181818,4.1675,3
5,5,5,2999.9832,AnPhA-T116-01,95.96314908,AnPhA,Other,T116,Approved/Enrolled,8.740769230769232,8.89076923076923,3.407058823529412,0.8230434782608695,19
5,4.666666666666667,4.5,2006.4003,OcnA-S116-01,94.1248,OcnA,Course Unavailable at Local School,S116,Approved/Enrolled,13.671818181818182,5.4513043478260865,7.78,0.496,24
4.2,3.3333333333333335,3,152.7499,BioA-S116-01,57.24958124,BioA,Other,S116,Approved/Enrolled,0,NA,NA,1.2349999999999999,NA
4,3.6666666666666665,3.5,1180.2664,OcnA-S116-01,68.25795645,OcnA,Course Unavailable at Local School,S116,Approved/Enrolled,11.318461538461538,5.4513043478260865,5.741842105263157,0.44608695652173913,3
4.6,4.333333333333333,4.5,3255.3003,AnPhA-S116-02,99.75806452,AnPhA,Other,S116,Approved/Enrolled,13.752380952380951,8.89076923076923,4.758648648648649,0.68,28
4.8,4.666666666666667,4,2591.1496,AnPhA-S216-01,84.9536,AnPhA,Scheduling Conflict,S216,Approved/Enrolled,9.5775,7.349166666666666,8.194761904761904,1.1277777777777778,18
4,2.6666666666666665,3.5,1673.8004,FrScA-S216-01,95.03386005,FrScA,Learning Preference of the Student,S216,Approved/Enrolled,13.626285714285714,6.7068,6.328888888888889,1.6879487179487178,31
3.8,4.333333333333333,2,328.5168,BioA-S116-01,93.95833333,BioA,Other,S116,Approved/Enrolled,17.10684210526316,9.7425,6.032,0,20
4.2,4.333333333333333,3,546.85,FrScA-S116-02,90.9157328,FrScA,Course Unavailable at Local School,S116,Approved/Enrolled,11.918181818181818,1.904,5.168333333333333,1.5204166666666667,36
4,4,3.5,1073.95,AnPhA-S116-01,81.03837472,AnPhA,Learning Preference of the Student,S116,Approved/Enrolled,6.953333333333333,3.57,3.66,0.6916666666666667,7
4.6,4.333333333333333,4.5,1637.9504,FrScA-S116-01,94.79166667,FrScA,Course Unavailable at Local School,S116,Approved/Enrolled,15.92175,6.9245,4.855641025641026,1.4745714285714286,37
3.6,3,3.5,317.2168,BioA-S116-01,3.010752688,BioA,Learning Preference of the Student,S116,Approved/Enrolled,15.431666666666667,8.16,7.69875,6.43,2
5,4.666666666666667,4.5,1692.6164,FrScA-S216-01,88.48758465,FrScA,Course Unavailable at Local School,S216,Approved/Enrolled,13.33925,6.696486486486487,5.476153846153846,1.0684848484848484,32
5,4.333333333333333,4.5,7.8831,OcnA-S216-01,49.31506849,OcnA,Course Unavailable at Local School,S216,Approved/Enrolled,16.425789473684212,7.208823529411765,3.9705882352941178,1.1084615384615384,6
4.2,4,2.5,2457.1828,AnPhA-S216-02,69.8808,AnPhA,Course Unavailable at Local School,S216,Approved/Enrolled,10.168695652173913,7.430400000000001,10.78111111111111,1.1,13
4,4,3.5,1856.6669,AnPhA-S216-01,64.8128,AnPhA,Course Unavailable at Local School,S216,Approved/Enrolled,7.285882352941177,6.03,4.380833333333333,0.5619047619047619,19
4.6,4.333333333333333,3.5,151.75,PhysA-S116-01,90.95979899,PhysA,Other,S116,Approved/Enrolled,19.406666666666666,7.42,3.3011764705882354,1.1035,10
5,5,3.5,764.1668,AnPhA-S116-01,88.8896,AnPhA,Other,S116,Approved/Enrolled,14.928571428571429,7.550434782608695,6.410444444444444,0.783,14
4.6,4.666666666666667,4.5,2127.0664,AnPhA-S116-01,86.1648,AnPhA,Course Unavailable at Local School,S116,Approved/Enrolled,8.822916666666666,8.306666666666667,6.43,1.3714285714285714,25
4,2,2.5,1776.5166,FrScA-S116-01,90.44444444,FrScA,Other,S116,Approved/Enrolled,18.228709677419356,4.724666666666667,4.371025641025641,1.0645454545454545,30
4.2,4,3,1747.1669,FrScA-S116-03,92.92237443,FrScA,Course Unavailable at Local School,S116,Approved/Enrolled,16.17222222222222,6.8575,5.6596874999999995,0.6009523809523809,37
4.4,3.3333333333333335,3.5,3315.3331,FrScA-S116-01,83.23287671,FrScA,Course Unavailable at Local School,S116,Approved/Enrolled,18.46818181818182,5.948181818181818,6.519285714285714,0.7745945945945946,36
5,5,5,364.5001,FrScA-S216-02,14.5408,FrScA,Course Unavailable at Local School,S216,Approved/Enrolled,17.31075,4.2573684210526315,5.336666666666666,0.7491666666666666,13
5,4,3,7067.1498,AnPhA-S116-01,95.96314908,AnPhA,Course Unavailable at Local School,S116,Approved/Enrolled,11.103333333333333,5.6936,1.15,0.7884615384615384,24
4,2,3.5,1978.0169,FrScA-S116-01,92.91666667,FrScA,Course Unavailable at Local School,S116,Approved/Enrolled,12.999302325581395,5.696176470588235,5.246571428571428,1.1490243902439026,31
4.6,4.333333333333333,4.5,608.0833,FrScA-S116-01,NA,FrScA,Course Unavailable at Local School,S116,Dropped,0,NA,NA,NA,NA
4,4,3.5,4945.2164,AnPhA-T116-01,81.9629328,AnPhA,Learning Preference of the Student,T116,Approved/Enrolled,8.983333333333333,6.202608695652174,3.796153846153846,0.884375,19
5,3,4.5,1210.0499,FrScA-S116-01,81.73515982,FrScA,Learning Preference of the Student,S116,Approved/Enrolled,11.91925,4.675333333333334,4.371025641025641,0.815,37
5,4,4,1378.984,OcnA-S216-02,70.21775544,OcnA,Course Unavailable at Local School,S216,Approved/Enrolled,15.361428571428572,5.836,2.044,2.029,7
4.4,4,4,1103.0832,AnPhA-S116-02,52.59593679,AnPhA,Scheduling Conflict,S116,Approved/Enrolled,8.708333333333334,7.219,6.8832432432432435,0.579375,12
3.8,4,3.5,1998.4998,AnPhA-S116-01,87.1808,AnPhA,Course Unavailable at Local School,S116,Approved/Enrolled,12.456551724137931,8.9796,7.25,1.1714285714285715,28
4,3,2.5,237.3,PhysA-S216-01,7.88,PhysA,Other,S216,Approved/Enrolled,15.431666666666667,8.195,4.148333333333333,0,1
3.8,4,4,63.6837,PhysA-S116-01,5.698924731,PhysA,Learning Preference of the Student,S116,Approved/Enrolled,NA,4.0938888888888885,NA,NA,NA
4.4,4,4.5,231.7502,AnPhA-S216-01,96.5216,AnPhA,Other,S216,Approved/Enrolled,8.633846153846154,6.0856,4.15125,1.2816666666666667,23
5,5,4.5,1182.9667,AnPhA-S116-02,68.17155756,AnPhA,Course Unavailable at Local School,S116,Approved/Enrolled,11.88653846153846,9.630689655172414,4.4653846153846155,0.38222222222222224,14
4.6,3.6666666666666665,4,224.7166,FrScA-S216-01,70.6074672,FrScA,Course Unavailable at Local School,S216,Approved/Enrolled,13.44030303030303,3.850285714285714,0,1.6084848484848484,33
4.2,3.6666666666666665,3.5,598.783,OcnA-S216-02,32.5913242,OcnA,Learning Preference of the Student,S216,Approved/Enrolled,16.425789473684212,7.682162162162162,3.02,0.15,7
3.4,3.6666666666666665,4,2173.1333,FrScA-S216-01,89.05191874,FrScA,Learning Preference of the Student,S216,Approved/Enrolled,12.83625,5.64025,6.010243902439024,1.3411111111111111,36
2.2,1.6666666666666667,2.5,1901.9166,OcnA-S216-01,82.70215054,OcnA,Other,S216,Approved/Enrolled,17.995833333333334,8.926666666666666,5.5407692307692304,0.71125,18
3.6,4.333333333333333,2.5,193.0498,OcnA-S116-02,2.931323283,OcnA,Other,S116,Approved/Enrolled,22.413333333333334,4.863333333333333,8.109166666666667,0,7
3.8,3.3333333333333335,2.5,1349.9664,AnPhA-S216-01,87.19863014,AnPhA,Other,S216,Approved/Enrolled,12.331428571428571,7.368095238095238,5.047,0.6976470588235294,13
5,NA,4.5,1551.6665,FrScA-S116-01,96.80365297,FrScA,Course Unavailable at Local School,S116,Approved/Enrolled,12.812692307692307,5,6.2680487804878044,1.07325,40
5,5,4.5,2676.7501,AnPhA-T116-01,93.64,AnPhA,Course Unavailable at Local School,T116,Approved/Enrolled,9.79,9.625333333333334,4.31625,1.6615625,20
5,3.6666666666666665,4,1605.0336,FrScA-S116-01,96.80365297,FrScA,Other,S116,Approved/Enrolled,14.744848484848484,4.724666666666667,9.3475,0.32875,40
5,3,4,1660.9829,FrScA-S216-01,73.13769752,FrScA,Learning Preference of the Student,S216,Approved/Enrolled,13.368235294117648,6.696486486486487,3.7946666666666666,1.5792307692307692,21
3.2,3.6666666666666665,3,1525.0333,FrScA-S116-01,90.55555556,FrScA,Course Unavailable at Local School,S116,Approved/Enrolled,NA,NA,NA,NA,NA
2.2,1,3.5,2025.1672,OcnA-S216-02,73.81827957,OcnA,Other,S216,Approved/Enrolled,15.22875,8.01578947368421,6.410444444444444,0.71125,10
5,4.666666666666667,4.5,3429.0336,OcnA-T116-01,96.80365297,OcnA,Course Unavailable at Local School,T116,Approved/Enrolled,NA,NA,NA,NA,NA
4.2,4.333333333333333,4.5,2130.6666,AnPhA-S116-01,73.4533328,AnPhA,Course Unavailable at Local School,S116,Approved/Enrolled,10.052608695652173,8.5208,5.281666666666666,0.751,25
3.8,3.3333333333333335,3.5,3755.1506,AnPhA-S116-01,85.6208,AnPhA,Scheduling Conflict,S116,Approved/Enrolled,10.174285714285714,6.54,4.358888888888889,0.6760869565217391,25
4,4,4,674.3167,PhysA-S116-01,78.125,PhysA,Learning Preference of the Student,S116,Approved/Enrolled,16.021,3.408,4.77,0.57,11
4,4,3.5,1856.6669,AnPhA-S216-01,91.064,AnPhA,Scheduling Conflict,S216,Approved/Enrolled,10.174285714285714,6.491724137931034,3.9978571428571428,0.7989473684210526,21
3.8,3.6666666666666665,3.5,1250.7833,PhysA-S116-01,98.05555556,PhysA,Other,S116,Approved/Enrolled,17.439166666666665,7.251666666666667,4.52,0.1411111111111111,19
4,3.6666666666666665,3.5,2626.9001,OcnA-S216-01,84.9536,OcnA,Course Unavailable at Local School,S216,Approved/Enrolled,12.503636363636364,7.981111111111111,4.414615384615384,0.595,19
4.2,3,3.5,1823.8667,FrScA-S216-01,89.05191874,FrScA,Other,S216,Approved/Enrolled,12.506410256410255,6.599268292682927,6.556666666666667,0.974390243902439,37
3.8,3,3,2670.7669,FrScA-S116-01,96.94444444,FrScA,Course Unavailable at Local School,S116,Approved/Enrolled,16.033076923076923,6.9245,4.8183783783783785,1.0645454545454545,42
4.8,3.6666666666666665,4,1075.6163,FrScA-S216-01,65.98173516,FrScA,Course Unavailable at Local School,S216,Approved/Enrolled,4.621818181818182,5.512352941176471,12.26,0,12
4.4,4,3.5,39.7504,PhysA-S116-01,57.24958124,PhysA,Other,S116,Approved/Enrolled,16.773846153846154,6.178888888888888,5.591111111111111,0.5385714285714286,8
3.8,3.6666666666666665,3,88.5167,OcnA-S216-01,NA,OcnA,Course Unavailable at Local School,S216,Dropped,10.98,3.57,2.9299999999999997,0,1
4,2.3333333333333335,3.5,1434.3999,FrScA-S116-01,69.63882619,FrScA,Other,S116,Approved/Enrolled,12.979444444444445,5.68525,6.586190476190477,0.7785,21
4,4,4,940.3001,FrScA-S216-01,99.32998325,FrScA,Course Unavailable at Local School,S216,Approved/Enrolled,14.333714285714285,6.059523809523809,5.484166666666667,0.4971052631578947,44
4.8,3.3333333333333335,3.5,310.9335,FrScA-S116-01,91.90860215,FrScA,Other,S116,Approved/Enrolled,10.916666666666666,4.795,9.0121875,0,36
4.2,2.6666666666666665,3.5,1907.6502,FrScA-S216-04,87.1808,FrScA,Course Unavailable at Local School,S216,Approved/Enrolled,15.786428571428571,5.948181818181818,5.196521739130435,1.0114285714285713,30
5,5,4.5,1517.5835,FrScA-S216-02,88.48758465,FrScA,Course Unavailable at Local School,S216,Approved/Enrolled,17.513548387096773,6.614324324324325,5.37,0.656,37
5,4.666666666666667,4.5,509.5167,PhysA-S216-01,8.040201005,PhysA,Credit Recovery,S216,Approved/Enrolled,22.544999999999998,5.7588888888888885,4.336666666666667,0.7491666666666666,6
4.4,3.6666666666666665,3,1929.4,FrScA-S216-01,83.17123288,FrScA,Other,S216,Approved/Enrolled,16.033076923076923,6.599268292682927,6.010243902439024,0.5087179487179487,55
3.2,2.6666666666666665,2,955.3,PhysA-S116-01,40.97065463,PhysA,Learning Preference of the Student,S116,Approved/Enrolled,13.4325,6.159,4.2469230769230775,0.045,2
4.8,3.3333333333333335,3.5,756.0998,FrScA-S216-02,88.8896,FrScA,Course Unavailable at Local School,S216,Approved/Enrolled,15.205384615384617,5.980434782608696,5.3129629629629624,1.2084615384615385,42
4,4,3.5,1856.6669,FrScA-S116-03,75.28310502,FrScA,Course Unavailable at Local School,S116,Approved/Enrolled,17.41090909090909,6.632702702702702,4.8081249999999995,0.5990909090909091,34
4.8,4.333333333333333,4,1510.7002,FrScA-S116-03,86.60045662,FrScA,Course Unavailable at Local School,S116,Approved/Enrolled,17.513548387096773,5.045483870967741,3.6109999999999998,0.6685714285714286,37
3.4,NA,3,6664.4499,OcnA-S216-01,96.16,OcnA,Course Unavailable at Local School,S216,Approved/Enrolled,14.111666666666666,7.192352941176471,4.30375,1.1714285714285715,18
4.6,4,4,1027.7002,FrScA-S116-03,68.65525114,FrScA,Course Unavailable at Local School,S116,Approved/Enrolled,16.6532,5.767894736842106,5.074897959183674,0.815,22
2.2,3.6666666666666665,3,1551.3498,BioA-S116-01,96.46231156,BioA,Scheduling Conflict,S116,Approved/Enrolled,15.829473684210527,9.122941176470588,3.5555263157894736,3.8833333333333333,26
3.6,4,4,68.6333,BioA-S116-01,22.680067,BioA,Learning Preference of the Student,S116,Approved/Enrolled,22.413333333333334,4.961666666666666,7.69875,1.3683333333333334,1
5,4,4,2083.3167,PhysA-S116-01,73.78472222,PhysA,Course Unavailable at Local School,S116,Approved/Enrolled,18.816666666666666,3.6443478260869564,3.4253846153846155,0.16333333333333333,10
4,4,3,4614.4,AnPhA-S116-02,NA,AnPhA,Scheduling Conflict,S116,Withdrawn,9.61,8.16,6.8832432432432435,0.6576190476190477,18
3.2,3.3333333333333335,2.5,700.9668,BioA-S116-01,61.173814900000004,BioA,Learning Preference of the Student,S116,Approved/Enrolled,0,NA,NA,NA,NA
4.4,4,3.5,2804.9832,AnPhA-S216-01,81.50753769,AnPhA,Learning Preference of the Student,S216,Approved/Enrolled,10.852307692307692,5.77625,3.61,0.7615,24
4.6,3.6666666666666665,4,1863.5169,FrScA-S116-01,86.30136986,FrScA,Course Unavailable at Local School,S116,Approved/Enrolled,17.058048780487805,7.183055555555556,3.074390243902439,1.32125,40
4,3.6666666666666665,3,2130.7497,OcnA-S216-02,69.8040201,OcnA,Course Unavailable at Local School,S216,Approved/Enrolled,12.9475,4.1875,3.9755555555555553,1.2614285714285713,17
4.4,4.333333333333333,3.5,1156.1668,FrScA-S116-01,95.43378995,FrScA,Course Unavailable at Local School,S116,Approved/Enrolled,15.081794871794871,6.2075609756097565,6.23258064516129,0.525,50
5,4,3.5,846.0835,FrScA-S216-01,84.56944444,FrScA,Course Unavailable at Local School,S216,Approved/Enrolled,16.192564102564102,5.963076923076923,5.7491666666666665,1.0817142857142856,40
4.4,4,3.5,2600.1334,OcnA-S116-01,88.72026801,OcnA,Course Unavailable at Local School,S116,Approved/Enrolled,15.268181818181818,6.6431818181818185,7.848636363636364,0.37648648648648647,22
3.4,3.3333333333333335,2.5,6954.6997,AnPhA-S116-01,83.4938672,AnPhA,Scheduling Conflict,S116,Approved/Enrolled,8.615,6.080555555555556,4.995416666666666,0.936875,18
4.6,3.6666666666666665,4,2310.3333,FrScA-S216-01,95.48532731,FrScA,Course Unavailable at Local School,S216,Approved/Enrolled,14.797619047619047,6.2075609756097565,5.026666666666666,0.7916666666666666,50
4.4,4,3.5,250.4331,AnPhA-T116-01,70.73611111,AnPhA,Course Unavailable at Local School,T116,Approved/Enrolled,8.515217391304347,9.277,4.4013333333333335,0.19285714285714287,15
4.4,3.6666666666666665,4,1555.1667,AnPhA-S216-02,33.28,AnPhA,Other,S216,Approved/Enrolled,12.123333333333335,6.708333333333333,10.6705,0.51,12
4.2,4.333333333333333,4.5,898.2998,FrScA-S216-01,91.4221219,FrScA,Course Unavailable at Local School,S216,Approved/Enrolled,15.18275,5.107567567567568,4.522666666666667,0.6523076923076923,40
3,3.3333333333333335,3,1391.0673,OcnA-S116-01,83.1264,OcnA,Course Unavailable at Local School,S116,Approved/Enrolled,12.808260869565217,8.03,6.334347826086956,0.8751515151515151,10
4.4,3,3,1233.3832,FrScA-S216-02,84.0224,FrScA,Course Unavailable at Local School,S216,Approved/Enrolled,12.281428571428572,6.088648648648649,8.617380952380952,0.6548484848484848,29
5,5,5,2309.0334,AnPhA-S216-01,91.4109589,AnPhA,Course Unavailable at Local School,S216,Approved/Enrolled,8.633846153846154,5.961538461538462,4.255714285714285,0.932608695652174,21
5,5,4,546.4335,AnPhA-S116-02,19.84,AnPhA,Learning Preference of the Student,S116,Approved/Enrolled,4.76,3.74,4.641,0.7491666666666666,2
3.8,3.6666666666666665,3,1451.9169,FrScA-S116-01,91.81818182,FrScA,Course Unavailable at Local School,S116,Approved/Enrolled,14.440249999999999,5.293846153846154,4.422571428571429,1.21225,39
4.8,3.3333333333333335,3.5,1219.4837,FrScA-S216-02,82.6117328,FrScA,Other,S216,Approved/Enrolled,17.995833333333334,4.001428571428572,7.311470588235294,1.1202857142857143,39
4,4,3.5,1297.9167,FrScA-S116-01,85.93055556,FrScA,Course Unavailable at Local School,S116,Approved/Enrolled,15.382222222222222,5.948181818181818,3.355681818181818,0.80975,41
4.6,4.333333333333333,3.5,1156.1668,FrScA-S116-01,88.58447489,FrScA,Scheduling Conflict,S116,Approved/Enrolled,13.655135135135135,4.423846153846154,10.817,0.4278125,37
4.6,4.666666666666667,4.5,1872.0336,AnPhA-S116-01,93.40033501,AnPhA,Course Unavailable at Local School,S116,Approved/Enrolled,9.79,8.9796,5.281666666666666,0.7320833333333333,24
5,4,3,2454.3332,AnPhA-T116-01,84.92127303,AnPhA,Course Unavailable at Local School,T116,Approved/Enrolled,14.928571428571429,6.527727272727272,4.5884210526315785,1.152,17
5,4,4,540.5001,OcnA-S116-02,28.48,OcnA,Course Unavailable at Local School,S116,Approved/Enrolled,20.35,3.198,5.168333333333333,0.25333333333333335,2
5,3.6666666666666665,4,2773.6164,AnPhA-S216-02,71.52,AnPhA,Other,S216,Approved/Enrolled,11.577,8.819583333333334,4.532857142857143,1.1,16
3.6,3,3,379.1335,OcnA-S216-02,88.78494624,OcnA,Course Unavailable at Local School,S216,Approved/Enrolled,14.178478260869564,6.919,7.25,1.1714285714285715,16
4.8,3.3333333333333335,3.5,1867.4169,FrScA-S216-01,91.87358916,FrScA,Other,S216,Approved/Enrolled,12.506410256410255,6.026666666666666,6.715,1.0684848484848484,37
4,2.6666666666666665,4.5,1665.1169,FrScA-S116-01,93.4537246,FrScA,Course Unavailable at Local School,S116,Approved/Enrolled,13.175161290322581,6.90258064516129,5.246571428571428,0.7183636363636363,32
5,4.333333333333333,3.5,1095.6001,FrScA-S216-01,84.98871332,FrScA,Course Unavailable at Local School,S216,Approved/Enrolled,12.238648648648649,3.2448484848484846,3.976,0.7909090909090909,36
4.8,4,4,879.1998,FrScA-S216-01,65.98173516,FrScA,Course Unavailable at Local School,S216,Approved/Enrolled,16.136842105263156,4,3.3015,1.4695833333333332,29
5,4.666666666666667,4.5,3101.5166,AnPhA-S116-01,95.104,AnPhA,Learning Preference of the Student,S116,Approved/Enrolled,10.1175,6.343913043478261,5.290588235294118,1.6175,22
3.8,4,4.5,71.0166,PhysA-S116-01,NA,PhysA,Learning Preference of the Student,S116,Dropped,15.431666666666667,8.373333333333333,8.11,1.1258823529411766,8
4,3.3333333333333335,4,1753.5833,FrScA-S116-01,99.02777778,FrScA,Other,S116,Approved/Enrolled,13.175161290322581,5.68525,5.218461538461538,1.07325,39
4.4,3,3.5,2356.4668,OcnA-S216-01,87.09360731,OcnA,Course Unavailable at Local School,S216,Approved/Enrolled,13.98,8.287727272727272,4.8081249999999995,1.2818181818181817,24
4.2,2,3.5,1665.1665,FrScA-S116-01,96.11872146,FrScA,Course Unavailable at Local School,S116,Approved/Enrolled,15.92175,8.31375,4.8183783783783785,1.3412244897959185,37
4.6,4.333333333333333,3.5,151.75,PhysA-S116-01,49.31506849,PhysA,Learning Preference of the Student,S116,Approved/Enrolled,16.22,7.42,5.626666666666667,1.22,5
3.8,3.3333333333333335,3,1451.9169,AnPhA-S216-01,87.19863014,AnPhA,Course Unavailable at Local School,S216,Approved/Enrolled,10.811538461538461,7.99,3.993478260869565,0.42928571428571427,18
5,5,4.5,1038.0003,AnPhA-S116-02,82.6117328,AnPhA,Scheduling Conflict,S116,Approved/Enrolled,13.728181818181818,6.702222222222222,5.419130434782608,1.3562962962962963,26
4.8,5,4,546.4335,FrScA-S116-01,60.2739726,FrScA,Course Unavailable at Local School,S116,Approved/Enrolled,16.136842105263156,5.483846153846154,6.19975,0.19999999999999998,24
5,4.666666666666667,4.5,2573.4502,FrScA-S116-01,96.80365297,FrScA,Course Unavailable at Local School,S116,Approved/Enrolled,15.837142857142856,7.33775,4.399,1.7268181818181818,37
5,5,4.5,1182.9667,AnPhA-S216-02,90.07705193,AnPhA,Learning Preference of the Student,S216,Approved/Enrolled,10.489285714285714,7.6557894736842105,5.166666666666667,1.16,27
4,3.3333333333333335,4,2920.9838,BioA-S116-01,94.1248,BioA,Scheduling Conflict,S116,Approved/Enrolled,15.608333333333334,7.2214285714285715,3.5555263157894736,2.0286666666666666,25
4.6,4.333333333333333,4.5,898.2998,FrScA-S216-01,66.93002257,FrScA,Course Unavailable at Local School,S216,Approved/Enrolled,14.951538461538462,4.845,6.235454545454545,0.19999999999999998,26
4.2,5,4.5,1182.9667,PhysA-S116-01,98.17351598,PhysA,Course Unavailable at Local School,S116,Approved/Enrolled,17.138947368421054,7.443684210526316,5.6125,0.18733333333333332,15
3.6,3.3333333333333335,3.5,1014.5665,PhysA-S116-01,92.70833333,PhysA,Learning Preference of the Student,S116,Approved/Enrolled,19.479,6.159,3.256521739130435,0.29368421052631577,16
4.2,4.333333333333333,3,3123.3502,AnPhA-S116-02,91.8208,AnPhA,Course Unavailable at Local School,S116,Approved/Enrolled,11.051578947368421,7.244814814814815,6.410444444444444,0.7989473684210526,24
3.8,4,3,1290.4502,PhysA-S116-01,92.92237443,PhysA,Other,S116,Approved/Enrolled,15.454166666666666,5.045483870967741,4.286842105263158,0.2723809523809524,19
4.4,4,3,2211.5331,AnPhA-S116-02,81.272,AnPhA,Other,S116,Approved/Enrolled,11.577,6.683333333333334,7.25,1.0975,21
4.4,2.6666666666666665,3.5,583.2498,FrScA-S116-02,70.4149328,FrScA,Course Unavailable at Local School,S116,Approved/Enrolled,15.662432432432432,6.178888888888888,4.1765625,1.2692307692307692,22
5,4,4.5,1430.217,OcnA-S116-02,42.0993228,OcnA,Course Unavailable at Local School,S116,Approved/Enrolled,0,NA,NA,0.92,NA
NA,3.3333333333333335,3.5,2025.1672,FrScA-S216-01,94.58239278,FrScA,Other,S216,Approved/Enrolled,12.999302325581395,5.873939393939394,6.067954545454546,0.563170731707317,32
4.2,3,4,1600.3334,FrScA-S216-03,64.76027397,FrScA,Course Unavailable at Local School,S216,Approved/Enrolled,14.2385,7.065454545454545,5.381333333333333,0.24916666666666668,19
3.8,3.6666666666666665,3.5,1841.7836,FrScA-S116-01,98.19444444,FrScA,Course Unavailable at Local School,S116,Approved/Enrolled,14.521944444444445,5.89025641025641,6.23258064516129,1.214,42
3.2,3.3333333333333335,2.5,1276.5167,AnPhA-S216-01,82.70215054,AnPhA,Learning Preference of the Student,S216,Approved/Enrolled,10.174782608695653,7.368095238095238,5.047,0.6947826086956521,20
4.4,3.6666666666666665,3,914.8667,OcnA-S216-02,83.41324201,OcnA,Course Unavailable at Local School,S216,Approved/Enrolled,14.335555555555555,7.41,7.25,0.8116666666666666,3
4.4,4,4.5,553.3835,PhysA-S216-01,93.67945824,PhysA,Scheduling Conflict,S216,Approved/Enrolled,17.689375,5.980952380952381,4.641,0.20181818181818184,16
4.4,3.3333333333333335,4,3946.5666,FrScA-T116-01,73.78472222,FrScA,Other,T116,Approved/Enrolled,12.295806451612902,6.738888888888889,4.758648648648649,0.509375,12
4,3.3333333333333335,2.5,1076.5339,FrScA-S216-01,94.13092551,FrScA,Learning Preference of the Student,S216,Approved/Enrolled,14.359,4.310697674418605,3.3015,0.8993939393939394,38
4,2,3,208.6664,BioA-S116-01,75.0827957,BioA,Learning Preference of the Student,S116,Approved/Enrolled,17.878,8.56090909090909,7.25972972972973,1.2204166666666667,18
4.2,4.333333333333333,3,0.5833,OcnA-S216-02,49.31506849,OcnA,Course Unavailable at Local School,S216,Approved/Enrolled,16.728571428571428,8.50611111111111,9.102173913043478,1.019,6
5,4.333333333333333,5,2276.3169,FrScA-S116-02,71.52,FrScA,Course Unavailable at Local School,S116,Approved/Enrolled,15.662432432432432,5.501836734693877,3.6056521739130436,1.019,26
5,4.666666666666667,4.5,1692.6164,AnPhA-S216-01,91.064,AnPhA,Other,S216,Approved/Enrolled,5.4992857142857146,6.03,5.591,0.932608695652174,10
4.6,4,4,244.3835,AnPhA-S216-01,96.5216,AnPhA,Other,S216,Approved/Enrolled,NA,NA,2.8985714285714286,NA,NA
4.6,2.6666666666666665,4,1966.0169,OcnA-S216-01,75.46118721,OcnA,Course Unavailable at Local School,S216,Approved/Enrolled,13.0355,8.287727272727272,4.1572,2.3225,21
4,4,3.5,893.1332,FrScA-S216-01,93.67945824,FrScA,Course Unavailable at Local School,S216,Approved/Enrolled,14.359,6.218409090909091,4.97974358974359,1.1738235294117647,33
